INSERT INTO ZL_SCNODE(CREATE_DATE, ID, CODE1, NAME1, ORDERS) VALUES(now(),'MEASURE','MEASURE','测量', 1);
INSERT INTO ZL_SCNODE(CREATE_DATE, ID, CODE1, NAME1, ORDERS) VALUES(now(),'TRANSPORT','TRANSPORT','物流提货', 2);
INSERT INTO ZL_SCNODE(CREATE_DATE, ID, CODE1, NAME1, ORDERS) VALUES(now(),'ARRIVAL','ARRIVAL','产品到场', 3);
INSERT INTO ZL_SCNODE(CREATE_DATE, ID, CODE1, NAME1, ORDERS) VALUES(now(),'INSTALL','INSTALL','产品安装', 4);
INSERT INTO ZL_SCNODE(CREATE_DATE, ID, CODE1, NAME1, ORDERS) VALUES(now(),'SELFCHECK','SELFCHECK','自检验收', 5);
INSERT INTO ZL_SCNODE(CREATE_DATE, ID, CODE1, NAME1, ORDERS) VALUES(now(),'INVITEEVAL','INVITEEVAL','邀请业主评价', 6);

INSERT INTO ZL_SCNODE_STEP(CREATE_DATE, ID, SCNODE_ID, NAME1, DESC1, STEP_TYPE, ORDERS) VALUES(now(),'MEASURE_SIGN','MEASURE','签到', '我已到现场', 'SIGN', 1);
INSERT INTO ZL_SCNODE_STEP(CREATE_DATE, ID, SCNODE_ID, NAME1, DESC1, STEP_TYPE, ORDERS) VALUES(now(),'MEASURE_UPLOAD','MEASURE','拍照', '确认现场无改动后，测量尺寸、拍照', 'UPLOAD', 2);

INSERT INTO ZL_SCNODE_STEP_ITEM(CREATE_DATE, ID, SCNODE_STEP_ID, NAME1, DESC1, ITEM_TYPE, MIN_PHOTO, IS_SKETCH, ORDERS) VALUES(now(),'MEASURE_SIGN','MEASURE_SIGN','签到', '我已到现场', '', 1, 0, 0);
INSERT INTO ZL_SCNODE_STEP_ITEM(CREATE_DATE, ID, SCNODE_STEP_ID, NAME1, DESC1, ITEM_TYPE, MIN_PHOTO, IS_SKETCH, ORDERS) VALUES(now(),'MEASURE_UPLOAD','MEASURE_UPLOAD','拍照', '确认现场无改动后，测量尺寸、拍照', '', 2, 0, 2);

INSERT INTO ZL_SCNODE_STEP(CREATE_DATE, ID, SCNODE_ID, NAME1, DESC1, STEP_TYPE, ORDERS) VALUES(now(),'TRANSPORT_SIGN','TRANSPORT','签到', '带身份证、行驶证复印件提货', 'SIGN', 1);
INSERT INTO ZL_SCNODE_STEP(CREATE_DATE, ID, SCNODE_ID, NAME1, DESC1, STEP_TYPE, ORDERS) VALUES(now(),'TRANSPORT_CONFIRM1','TRANSPORT','确认', '核对运单号、客户姓名、甲方订单号是否匹配，有问题拍照反馈', 'CONFIRM', 2);
INSERT INTO ZL_SCNODE_STEP(CREATE_DATE, ID, SCNODE_ID, NAME1, DESC1, STEP_TYPE, ORDERS) VALUES(now(),'TRANSPORT_CONFIRM2','TRANSPORT','确认', '核对件数是否正确', 'CONFIRM', 3);
INSERT INTO ZL_SCNODE_STEP(CREATE_DATE, ID, SCNODE_ID, NAME1, DESC1, STEP_TYPE, ORDERS) VALUES(now(),'TRANSPORT_UPLOAD','TRANSPORT','拍照', '仔细查看包装上是否有明显损伤，拍照（有损伤并在提货单上注明损坏物品信息)', 'UPLOAD', 4);

INSERT INTO ZL_SCNODE_STEP_ITEM(CREATE_DATE, ID, SCNODE_STEP_ID, NAME1, DESC1, ITEM_TYPE, MIN_PHOTO, IS_SKETCH, ORDERS) VALUES(now(),'TRANSPORT_SIGN','TRANSPORT_SIGN','签到', '带身份证、行驶证复印件提货', '', 0, 0, 1);
INSERT INTO ZL_SCNODE_STEP_ITEM(CREATE_DATE, ID, SCNODE_STEP_ID, NAME1, DESC1, ITEM_TYPE, MIN_PHOTO, IS_SKETCH, ORDERS) VALUES(now(),'TRANSPORT_CONFIRM1','TRANSPORT_CONFIRM1','确认', '核对运单号、客户姓名、甲方订单号是否匹配，有问题拍照反馈', 'BASIC', 0, 0, 1);
INSERT INTO ZL_SCNODE_STEP_ITEM(CREATE_DATE, ID, SCNODE_STEP_ID, NAME1, DESC1, ITEM_TYPE, MIN_PHOTO, IS_SKETCH, ORDERS) VALUES(now(),'TRANSPORT_CONFIRM2','TRANSPORT_CONFIRM2','确认', '核对件数是否正确', 'QUANTITY', 0, 0, 1);
INSERT INTO ZL_SCNODE_STEP_ITEM(CREATE_DATE, ID, SCNODE_STEP_ID, NAME1, DESC1, ITEM_TYPE, MIN_PHOTO, IS_SKETCH, ORDERS) VALUES(now(),'TRANSPORT_UPLOAD1','TRANSPORT_UPLOAD','拍照', '上传带运单号的货物照片', '', 1, 0, 1);
INSERT INTO ZL_SCNODE_STEP_ITEM(CREATE_DATE, ID, SCNODE_STEP_ID, NAME1, DESC1, ITEM_TYPE, MIN_PHOTO, IS_SKETCH, ORDERS) VALUES(now(),'TRANSPORT_UPLOAD2','TRANSPORT_UPLOAD','拍照', '上传所有货物照片', '', 1, 0, 2);
INSERT INTO ZL_SCNODE_STEP_ITEM(CREATE_DATE, ID, SCNODE_STEP_ID, NAME1, DESC1, ITEM_TYPE, MIN_PHOTO, IS_SKETCH, ORDERS) VALUES(now(),'TRANSPORT_UPLOAD3','TRANSPORT_UPLOAD','拍照', '上传所有货物装车照片', '', 1, 0, 3);


INSERT INTO ZL_SCNODE_STEP(CREATE_DATE, ID, SCNODE_ID, NAME1, DESC1, STEP_TYPE, ORDERS) VALUES(now(),'ARRIVAL_SIGN','ARRIVAL','签到', '我已到现场', 'SIGN', 1);
INSERT INTO ZL_SCNODE_STEP(CREATE_DATE, ID, SCNODE_ID, NAME1, DESC1, STEP_TYPE, ORDERS) VALUES(now(),'ARRIVAL_UPLOAD','ARRIVAL','拍照', '摆放整齐拍照(破损物品摆放在好货旁边，看清货物件数)', 'UPLOAD', 2);

INSERT INTO ZL_SCNODE_STEP_ITEM(CREATE_DATE, ID, SCNODE_STEP_ID, NAME1, DESC1, ITEM_TYPE, MIN_PHOTO, IS_SKETCH, ORDERS) VALUES(now(),'ARRIVAL_SIGN','ARRIVAL_SIGN','签到', '我已到现场', '', 0, 0, 1);
INSERT INTO ZL_SCNODE_STEP_ITEM(CREATE_DATE, ID, SCNODE_STEP_ID, NAME1, DESC1, ITEM_TYPE, MIN_PHOTO, IS_SKETCH, ORDERS) VALUES(now(),'ARRIVAL_UPLOAD01','ARRIVAL_UPLOAD','拍照', '摆放整齐拍照(破损物品摆放在好货旁边，看清货物件数)', '', 1, 0, 1);

INSERT INTO ZL_SCNODE_STEP(CREATE_DATE, ID, SCNODE_ID, NAME1, DESC1, STEP_TYPE, ORDERS) VALUES(now(),'INSTALL_SIGN','INSTALL','签到', '我已到现场', 'SIGN', 1);
INSERT INTO ZL_SCNODE_STEP(CREATE_DATE, ID, SCNODE_ID, NAME1, DESC1, STEP_TYPE, ORDERS) VALUES(now(),'INSTALL_CONFIRM1','INSTALL','提示文字', '查看现场，不具备安装条件的拍照反馈', 'TIPTEXT', 2);
INSERT INTO ZL_SCNODE_STEP(CREATE_DATE, ID, SCNODE_ID, NAME1, DESC1, STEP_TYPE, ORDERS) VALUES(now(),'INSTALL_CONFIRM2','INSTALL','提示文字', '拆封，如产品缺失破损拍照反馈', 'TIPTEXT', 3);
INSERT INTO ZL_SCNODE_STEP(CREATE_DATE, ID, SCNODE_ID, NAME1, DESC1, STEP_TYPE, ORDERS) VALUES(now(),'INSTALL_CONFIRM3','INSTALL','提示文字', '按标准安装，如遇问题拍照反馈', 'TIPTEXT', 4);

INSERT INTO ZL_SCNODE_STEP_ITEM(CREATE_DATE, ID, SCNODE_STEP_ID, NAME1, DESC1, ITEM_TYPE, MIN_PHOTO, IS_SKETCH, ORDERS) VALUES(now(),'INSTALL_SIGN','INSTALL_SIGN','签到', '我已到现场', '', 0, 0, 1);
INSERT INTO ZL_SCNODE_STEP_ITEM(CREATE_DATE, ID, SCNODE_STEP_ID, NAME1, DESC1, ITEM_TYPE, MIN_PHOTO, IS_SKETCH, ORDERS) VALUES(now(),'INSTALL_CONFIRM2','INSTALL_CONFIRM1','确认', '查看现场，不具备安装条件的拍照反馈', '', 0, 0, 1);
INSERT INTO ZL_SCNODE_STEP_ITEM(CREATE_DATE, ID, SCNODE_STEP_ID, NAME1, DESC1, ITEM_TYPE, MIN_PHOTO, IS_SKETCH, ORDERS) VALUES(now(),'INSTALL_CONFIRM3','INSTALL_CONFIRM3','确认', '拆封，如产品缺失破损拍照反馈', '', 0, 0, 3);
INSERT INTO ZL_SCNODE_STEP_ITEM(CREATE_DATE, ID, SCNODE_STEP_ID, NAME1, DESC1, ITEM_TYPE, MIN_PHOTO, IS_SKETCH, ORDERS) VALUES(now(),'INSTALL_CONFIRM4','INSTALL_CONFIRM4','确认', '按标准安装，如遇问题拍照反馈', '', 0, 0, 4);

INSERT INTO ZL_SCNODE_STEP(CREATE_DATE, ID, SCNODE_ID, NAME1, DESC1, STEP_TYPE, SORT_ID, ORDERS) VALUES(now(),'SELFCHECK_C','SELFCHECK','橱柜拍照', '橱柜类自检调整，清理现场后拍照', 'UPLOAD', 'C', 1);
INSERT INTO ZL_SCNODE_STEP(CREATE_DATE, ID, SCNODE_ID, NAME1, DESC1, STEP_TYPE, SORT_ID, ORDERS) VALUES(now(),'SELFCHECK_T','SELFCHECK','台面拍照', '台面类自检调整，清理现场后拍照', 'UPLOAD', 'T', 2);
INSERT INTO ZL_SCNODE_STEP(CREATE_DATE, ID, SCNODE_ID, NAME1, DESC1, STEP_TYPE, SORT_ID, ORDERS) VALUES(now(),'SELFCHECK_W','SELFCHECK','卫浴拍照', '卫浴类自检调整，清理现场后拍照', 'UPLOAD', 'W', 3);
INSERT INTO ZL_SCNODE_STEP(CREATE_DATE, ID, SCNODE_ID, NAME1, DESC1, STEP_TYPE, SORT_ID, ORDERS) VALUES(now(),'SELFCHECK_V','SELFCHECK','吊顶拍照', '吊顶类自检调整，清理现场后拍照', 'UPLOAD', 'V', 4);
INSERT INTO ZL_SCNODE_STEP(CREATE_DATE, ID, SCNODE_ID, NAME1, DESC1, STEP_TYPE, SORT_ID, ORDERS) VALUES(now(),'SELFCHECK_D','SELFCHECK','地板拍照', '地板类自检调整，清理现场后拍照', 'UPLOAD', 'D', 5);
INSERT INTO ZL_SCNODE_STEP(CREATE_DATE, ID, SCNODE_ID, NAME1, DESC1, STEP_TYPE, SORT_ID, ORDERS) VALUES(now(),'SELFCHECK_N','SELFCHECK','内门拍照', '内门类自检调整，清理现场后拍照', 'UPLOAD', 'N', 6);
INSERT INTO ZL_SCNODE_STEP(CREATE_DATE, ID, SCNODE_ID, NAME1, DESC1, STEP_TYPE, SORT_ID, ORDERS) VALUES(now(),'SELFCHECK_J','SELFCHECK','家具拍照/定制家具拍照', '家具/定制家具类自检调整，清理现场后拍照', 'UPLOAD', 'J', 7);
INSERT INTO ZL_SCNODE_STEP(CREATE_DATE, ID, SCNODE_ID, NAME1, DESC1, STEP_TYPE, SORT_ID, ORDERS) VALUES(now(),'SELFCHECK_M','SELFCHECK','家电拍照', '家电类自检调整，清理现场后拍照', 'UPLOAD', 'M', 8);

INSERT INTO ZL_SCNODE_STEP_ITEM(CREATE_DATE, ID, SCNODE_STEP_ID, NAME1, DESC1, ITEM_TYPE, MIN_PHOTO, IS_SKETCH, ORDERS) VALUES(now(),'SELFCHECK_C1','SELFCHECK_C','拍照', '上传吊柜安装效果及门板照片', '', 1, 1, 1);
INSERT INTO ZL_SCNODE_STEP_ITEM(CREATE_DATE, ID, SCNODE_STEP_ID, NAME1, DESC1, ITEM_TYPE, MIN_PHOTO, IS_SKETCH, ORDERS) VALUES(now(),'SELFCHECK_C2','SELFCHECK_C','拍照', '上传地柜安装效果及门板照片', '', 1, 1, 2);
INSERT INTO ZL_SCNODE_STEP_ITEM(CREATE_DATE, ID, SCNODE_STEP_ID, NAME1, DESC1, ITEM_TYPE, MIN_PHOTO, IS_SKETCH, ORDERS) VALUES(now(),'SELFCHECK_C3','SELFCHECK_C','拍照', '上传整体效果及门板缝隙照片', '', 1, 1, 3);
INSERT INTO ZL_SCNODE_STEP_ITEM(CREATE_DATE, ID, SCNODE_STEP_ID, NAME1, DESC1, ITEM_TYPE, MIN_PHOTO, IS_SKETCH, ORDERS) VALUES(now(),'SELFCHECK_C4','SELFCHECK_C','拍照', '上传开孔封边照片', '', 1, 1, 4);
INSERT INTO ZL_SCNODE_STEP_ITEM(CREATE_DATE, ID, SCNODE_STEP_ID, NAME1, DESC1, ITEM_TYPE, MIN_PHOTO, IS_SKETCH, ORDERS) VALUES(now(),'SELFCHECK_C5','SELFCHECK_C','拍照', '上传抽屉拉篮照片', '', 1, 1, 5);

INSERT INTO ZL_SCNODE_STEP_ITEM(CREATE_DATE, ID, SCNODE_STEP_ID, NAME1, DESC1, ITEM_TYPE, MIN_PHOTO, IS_SKETCH, ORDERS) VALUES(now(),'SELFCHECK_T1','SELFCHECK_T','拍照', '上传前沿照片', '', 1, 1, 1);
INSERT INTO ZL_SCNODE_STEP_ITEM(CREATE_DATE, ID, SCNODE_STEP_ID, NAME1, DESC1, ITEM_TYPE, MIN_PHOTO, IS_SKETCH, ORDERS) VALUES(now(),'SELFCHECK_T2','SELFCHECK_T','拍照', '上传后档照片', '', 1, 1, 2);
INSERT INTO ZL_SCNODE_STEP_ITEM(CREATE_DATE, ID, SCNODE_STEP_ID, NAME1, DESC1, ITEM_TYPE, MIN_PHOTO, IS_SKETCH, ORDERS) VALUES(now(),'SELFCHECK_T3','SELFCHECK_T','拍照', '上传开孔照片', '', 1, 1, 3);
INSERT INTO ZL_SCNODE_STEP_ITEM(CREATE_DATE, ID, SCNODE_STEP_ID, NAME1, DESC1, ITEM_TYPE, MIN_PHOTO, IS_SKETCH, ORDERS) VALUES(now(),'SELFCHECK_T4','SELFCHECK_T','拍照', '上传转角照片', '', 1, 1, 4);
INSERT INTO ZL_SCNODE_STEP_ITEM(CREATE_DATE, ID, SCNODE_STEP_ID, NAME1, DESC1, ITEM_TYPE, MIN_PHOTO, IS_SKETCH, ORDERS) VALUES(now(),'SELFCHECK_T5','SELFCHECK_T','拍照', '上传整体照片', '', 1, 1, 5);

INSERT INTO ZL_SCNODE_STEP_ITEM(CREATE_DATE, ID, SCNODE_STEP_ID, NAME1, DESC1, ITEM_TYPE, MIN_PHOTO, IS_SKETCH, ORDERS) VALUES(now(),'SELFCHECK_W1','SELFCHECK_W','拍照', '上传吊柜安装效果及门板照片', '', 1, 1, 1);
INSERT INTO ZL_SCNODE_STEP_ITEM(CREATE_DATE, ID, SCNODE_STEP_ID, NAME1, DESC1, ITEM_TYPE, MIN_PHOTO, IS_SKETCH, ORDERS) VALUES(now(),'SELFCHECK_W2','SELFCHECK_W','拍照', '上传地柜安装效果及门板照片', '', 1, 1, 2);
INSERT INTO ZL_SCNODE_STEP_ITEM(CREATE_DATE, ID, SCNODE_STEP_ID, NAME1, DESC1, ITEM_TYPE, MIN_PHOTO, IS_SKETCH, ORDERS) VALUES(now(),'SELFCHECK_W3','SELFCHECK_W','拍照', '上传整体效果及门板缝隙照片', '', 1, 1, 3);
INSERT INTO ZL_SCNODE_STEP_ITEM(CREATE_DATE, ID, SCNODE_STEP_ID, NAME1, DESC1, ITEM_TYPE, MIN_PHOTO, IS_SKETCH, ORDERS) VALUES(now(),'SELFCHECK_W4','SELFCHECK_W','拍照', '上传开孔封边照片', '', 1, 1, 4);
INSERT INTO ZL_SCNODE_STEP_ITEM(CREATE_DATE, ID, SCNODE_STEP_ID, NAME1, DESC1, ITEM_TYPE, MIN_PHOTO, IS_SKETCH, ORDERS) VALUES(now(),'SELFCHECK_W5','SELFCHECK_W','拍照', '上传抽屉拉篮照片', '', 1, 1, 5);

INSERT INTO ZL_SCNODE_STEP_ITEM(CREATE_DATE, ID, SCNODE_STEP_ID, NAME1, DESC1, ITEM_TYPE, MIN_PHOTO, IS_SKETCH, ORDERS) VALUES(now(),'SELFCHECK_V1','SELFCHECK_V','拍照', '吊顶安装效果照片', '', 1, 0, 1);
INSERT INTO ZL_SCNODE_STEP_ITEM(CREATE_DATE, ID, SCNODE_STEP_ID, NAME1, DESC1, ITEM_TYPE, MIN_PHOTO, IS_SKETCH, ORDERS) VALUES(now(),'SELFCHECK_V2','SELFCHECK_V','拍照', '浴霸安装效果照片', '', 1, 0, 2);
INSERT INTO ZL_SCNODE_STEP_ITEM(CREATE_DATE, ID, SCNODE_STEP_ID, NAME1, DESC1, ITEM_TYPE, MIN_PHOTO, IS_SKETCH, ORDERS) VALUES(now(),'SELFCHECK_V3','SELFCHECK_V','拍照', '灯具安装效果照片', '', 1, 0, 3);

INSERT INTO ZL_SCNODE_STEP_ITEM(CREATE_DATE, ID, SCNODE_STEP_ID, NAME1, DESC1, ITEM_TYPE, MIN_PHOTO, IS_SKETCH, ORDERS) VALUES(now(),'SELFCHECK_D1','SELFCHECK_D','拍照', '上传边角踢脚线照片', '', 1, 1, 1);
INSERT INTO ZL_SCNODE_STEP_ITEM(CREATE_DATE, ID, SCNODE_STEP_ID, NAME1, DESC1, ITEM_TYPE, MIN_PHOTO, IS_SKETCH, ORDERS) VALUES(now(),'SELFCHECK_D2','SELFCHECK_D','拍照', '上传开孔处拼接处照片', '', 1, 1, 2);
INSERT INTO ZL_SCNODE_STEP_ITEM(CREATE_DATE, ID, SCNODE_STEP_ID, NAME1, DESC1, ITEM_TYPE, MIN_PHOTO, IS_SKETCH, ORDERS) VALUES(now(),'SELFCHECK_D3','SELFCHECK_D','拍照', '上传安装完成整体效果照片', '', 1, 1, 3);

INSERT INTO ZL_SCNODE_STEP_ITEM(CREATE_DATE, ID, SCNODE_STEP_ID, NAME1, DESC1, ITEM_TYPE, MIN_PHOTO, IS_SKETCH, ORDERS) VALUES(now(),'SELFCHECK_N1','SELFCHECK_N','拍照', '上传打胶固定照片', '', 1, 1, 1);
INSERT INTO ZL_SCNODE_STEP_ITEM(CREATE_DATE, ID, SCNODE_STEP_ID, NAME1, DESC1, ITEM_TYPE, MIN_PHOTO, IS_SKETCH, ORDERS) VALUES(now(),'SELFCHECK_N2','SELFCHECK_N','拍照', '上传安装完成效果照片', '', 1, 1, 2);
INSERT INTO ZL_SCNODE_STEP_ITEM(CREATE_DATE, ID, SCNODE_STEP_ID, NAME1, DESC1, ITEM_TYPE, MIN_PHOTO, IS_SKETCH, ORDERS) VALUES(now(),'SELFCHECK_N3','SELFCHECK_N','拍照', '上传安装完成缝隙照片', '', 1, 1, 3);

INSERT INTO ZL_SCNODE_STEP_ITEM(CREATE_DATE, ID, SCNODE_STEP_ID, NAME1, DESC1, ITEM_TYPE, MIN_PHOTO, IS_SKETCH, ORDERS) VALUES(now(),'SELFCHECK_M1','SELFCHECK_M','拍照', '沙发安装效果照片', '', 1, 0, 1);
INSERT INTO ZL_SCNODE_STEP_ITEM(CREATE_DATE, ID, SCNODE_STEP_ID, NAME1, DESC1, ITEM_TYPE, MIN_PHOTO, IS_SKETCH, ORDERS) VALUES(now(),'SELFCHECK_M2','SELFCHECK_M','拍照', '独体柜安装效果照片', '', 1, 0, 2);
INSERT INTO ZL_SCNODE_STEP_ITEM(CREATE_DATE, ID, SCNODE_STEP_ID, NAME1, DESC1, ITEM_TYPE, MIN_PHOTO, IS_SKETCH, ORDERS) VALUES(now(),'SELFCHECK_M3','SELFCHECK_M','拍照', '茶几效果照片', '', 1, 0, 3);
INSERT INTO ZL_SCNODE_STEP_ITEM(CREATE_DATE, ID, SCNODE_STEP_ID, NAME1, DESC1, ITEM_TYPE, MIN_PHOTO, IS_SKETCH, ORDERS) VALUES(now(),'SELFCHECK_M4','SELFCHECK_M','拍照', '窗帘照片', '', 1, 0, 4);

INSERT INTO ZL_SCNODE_STEP_ITEM(CREATE_DATE, ID, SCNODE_STEP_ID, NAME1, DESC1, ITEM_TYPE, MIN_PHOTO, IS_SKETCH, ORDERS) VALUES(now(),'SELFCHECK_J1','SELFCHECK_J','拍照', '上传封板安装打胶照片', '', 1, 1, 1);
INSERT INTO ZL_SCNODE_STEP_ITEM(CREATE_DATE, ID, SCNODE_STEP_ID, NAME1, DESC1, ITEM_TYPE, MIN_PHOTO, IS_SKETCH, ORDERS) VALUES(now(),'SELFCHECK_J2','SELFCHECK_J','拍照', '上传整体效果照片', '', 1, 1, 2);
INSERT INTO ZL_SCNODE_STEP_ITEM(CREATE_DATE, ID, SCNODE_STEP_ID, NAME1, DESC1, ITEM_TYPE, MIN_PHOTO, IS_SKETCH, ORDERS) VALUES(now(),'SELFCHECK_J3','SELFCHECK_J','拍照', '上传五金抽屉照片', '', 1, 1, 3);

INSERT INTO ZL_SCNODE_STEP(CREATE_DATE, ID, SCNODE_ID, NAME1, DESC1, STEP_TYPE, ORDERS) VALUES(now(),'INVITEEVAL_CONFIRM','INVITEEVAL','邀请业主评价', '邀请业主评价', 'INVITEEVAL', 1);

INSERT INTO ZL_SCNODE_STEP_ITEM(CREATE_DATE, ID, SCNODE_STEP_ID, NAME1, DESC1, ITEM_TYPE, MIN_PHOTO, IS_SKETCH, ORDERS) VALUES(now(),'INVITEEVAL_CONFIRM','INVITEEVAL_CONFIRM','邀请业主评价', '邀请业主评价', '', 1, 0, 1);

INSERT INTO ZL_FILE_INDEX(ID, CREATE_DATE, FILE_NAME, FILE_PATH, BELONG_TO, SUFFIX) VALUES ('SELFCHECK_C1_1', now(), '上传吊柜安装效果及门板照片', 'sketch/SELFCHECK_C1_1.png', 'SELFCHECK_C1', '.png');
INSERT INTO ZL_FILE_INDEX(ID, CREATE_DATE, FILE_NAME, FILE_PATH, BELONG_TO, SUFFIX) VALUES ('SELFCHECK_C2_1', now(), '上传地柜安装效果及门板照片', 'sketch/SELFCHECK_C2_1.png', 'SELFCHECK_C2', '.png');
INSERT INTO ZL_FILE_INDEX(ID, CREATE_DATE, FILE_NAME, FILE_PATH, BELONG_TO, SUFFIX) VALUES ('SELFCHECK_C3_1', now(), '上传整体效果及门板缝隙照片1', 'sketch/SELFCHECK_C3_1.png', 'SELFCHECK_C3', '.png');
INSERT INTO ZL_FILE_INDEX(ID, CREATE_DATE, FILE_NAME, FILE_PATH, BELONG_TO, SUFFIX) VALUES ('SELFCHECK_C3_2', now(), '上传整体效果及门板缝隙照片2', 'sketch/SELFCHECK_C3_2.png', 'SELFCHECK_C3', '.png');
INSERT INTO ZL_FILE_INDEX(ID, CREATE_DATE, FILE_NAME, FILE_PATH, BELONG_TO, SUFFIX) VALUES ('SELFCHECK_C4_1', now(), '上传开孔封边照片1', 'sketch/SELFCHECK_C4_1.png', 'SELFCHECK_C4', '.png');
INSERT INTO ZL_FILE_INDEX(ID, CREATE_DATE, FILE_NAME, FILE_PATH, BELONG_TO, SUFFIX) VALUES ('SELFCHECK_C4_2', now(), '上传开孔封边照片2', 'sketch/SELFCHECK_C4_2.png', 'SELFCHECK_C4', '.png');
INSERT INTO ZL_FILE_INDEX(ID, CREATE_DATE, FILE_NAME, FILE_PATH, BELONG_TO, SUFFIX) VALUES ('SELFCHECK_C4_3', now(), '上传开孔封边照片3', 'sketch/SELFCHECK_C4_3.png', 'SELFCHECK_C4', '.png');
INSERT INTO ZL_FILE_INDEX(ID, CREATE_DATE, FILE_NAME, FILE_PATH, BELONG_TO, SUFFIX) VALUES ('SELFCHECK_C5_1', now(), '上传抽屉拉篮照片', 'sketch/SELFCHECK_C5_1.png', 'SELFCHECK_C5', '.png');

INSERT INTO ZL_FILE_INDEX(ID, CREATE_DATE, FILE_NAME, FILE_PATH, BELONG_TO, SUFFIX) VALUES ('SELFCHECK_T1_1', now(), '上传前沿照片1', 'sketch/SELFCHECK_T1_1.png', 'SELFCHECK_T1', '.png');
INSERT INTO ZL_FILE_INDEX(ID, CREATE_DATE, FILE_NAME, FILE_PATH, BELONG_TO, SUFFIX) VALUES ('SELFCHECK_T1_2', now(), '上传前沿照片2', 'sketch/SELFCHECK_T1_2.png', 'SELFCHECK_T1', '.png');
INSERT INTO ZL_FILE_INDEX(ID, CREATE_DATE, FILE_NAME, FILE_PATH, BELONG_TO, SUFFIX) VALUES ('SELFCHECK_T2_1', now(), '上传后档照片1', 'sketch/SELFCHECK_T2_1.png', 'SELFCHECK_T2', '.png');
INSERT INTO ZL_FILE_INDEX(ID, CREATE_DATE, FILE_NAME, FILE_PATH, BELONG_TO, SUFFIX) VALUES ('SELFCHECK_T2_2', now(), '上传后档照片2', 'sketch/SELFCHECK_T2_2.png', 'SELFCHECK_T2', '.png');
INSERT INTO ZL_FILE_INDEX(ID, CREATE_DATE, FILE_NAME, FILE_PATH, BELONG_TO, SUFFIX) VALUES ('SELFCHECK_T3_1', now(), '上传开孔照片1', 'sketch/SELFCHECK_T3_1.png', 'SELFCHECK_T3', '.png');
INSERT INTO ZL_FILE_INDEX(ID, CREATE_DATE, FILE_NAME, FILE_PATH, BELONG_TO, SUFFIX) VALUES ('SELFCHECK_T3_2', now(), '上传开孔照片2', 'sketch/SELFCHECK_T3_2.png', 'SELFCHECK_T3', '.png');
INSERT INTO ZL_FILE_INDEX(ID, CREATE_DATE, FILE_NAME, FILE_PATH, BELONG_TO, SUFFIX) VALUES ('SELFCHECK_T4_1', now(), '上传转角照片1', 'sketch/SELFCHECK_T4_1.png', 'SELFCHECK_T4', '.png');
INSERT INTO ZL_FILE_INDEX(ID, CREATE_DATE, FILE_NAME, FILE_PATH, BELONG_TO, SUFFIX) VALUES ('SELFCHECK_T4_2', now(), '上传转角照片2', 'sketch/SELFCHECK_T4_2.png', 'SELFCHECK_T4', '.png');
INSERT INTO ZL_FILE_INDEX(ID, CREATE_DATE, FILE_NAME, FILE_PATH, BELONG_TO, SUFFIX) VALUES ('SELFCHECK_T5_1', now(), '上传整体照片', 'sketch/SELFCHECK_T5_1.png', 'SELFCHECK_T5', '.png');

INSERT INTO ZL_FILE_INDEX(ID, CREATE_DATE, FILE_NAME, FILE_PATH, BELONG_TO, SUFFIX) VALUES ('SELFCHECK_D1_1', now(), '上传边角踢脚线照片1', 'sketch/SELFCHECK_D1_1.png', 'SELFCHECK_D1', '.png');
INSERT INTO ZL_FILE_INDEX(ID, CREATE_DATE, FILE_NAME, FILE_PATH, BELONG_TO, SUFFIX) VALUES ('SELFCHECK_D1_2', now(), '上传边角踢脚线照片2', 'sketch/SELFCHECK_D1_2.png', 'SELFCHECK_D1', '.png');
INSERT INTO ZL_FILE_INDEX(ID, CREATE_DATE, FILE_NAME, FILE_PATH, BELONG_TO, SUFFIX) VALUES ('SELFCHECK_D2_1', now(), '上传开孔处拼接处照片1', 'sketch/SELFCHECK_D2_1.png', 'SELFCHECK_D2', '.png');
INSERT INTO ZL_FILE_INDEX(ID, CREATE_DATE, FILE_NAME, FILE_PATH, BELONG_TO, SUFFIX) VALUES ('SELFCHECK_D2_2', now(), '上传开孔处拼接处照片2', 'sketch/SELFCHECK_D2_2.png', 'SELFCHECK_D2', '.png');
INSERT INTO ZL_FILE_INDEX(ID, CREATE_DATE, FILE_NAME, FILE_PATH, BELONG_TO, SUFFIX) VALUES ('SELFCHECK_D2_3', now(), '上传开孔处拼接处照片3', 'sketch/SELFCHECK_D2_3.png', 'SELFCHECK_D2', '.png');
INSERT INTO ZL_FILE_INDEX(ID, CREATE_DATE, FILE_NAME, FILE_PATH, BELONG_TO, SUFFIX) VALUES ('SELFCHECK_D3_1', now(), '上传安装完成整体效果照片1', 'sketch/SELFCHECK_D3_1.png', 'SELFCHECK_D3', '.png');

INSERT INTO ZL_FILE_INDEX(ID, CREATE_DATE, FILE_NAME, FILE_PATH, BELONG_TO, SUFFIX) VALUES ('SELFCHECK_W1_1', now(), '上传吊柜安装效果及门板照片', 'sketch/SELFCHECK_T1_1.png', 'SELFCHECK_W1', '.png');
INSERT INTO ZL_FILE_INDEX(ID, CREATE_DATE, FILE_NAME, FILE_PATH, BELONG_TO, SUFFIX) VALUES ('SELFCHECK_W2_1', now(), '上传地柜安装效果及门板照片', 'sketch/SELFCHECK_W2_1.png', 'SELFCHECK_W2', '.png');
INSERT INTO ZL_FILE_INDEX(ID, CREATE_DATE, FILE_NAME, FILE_PATH, BELONG_TO, SUFFIX) VALUES ('SELFCHECK_W3_1', now(), '上传整体效果及门板缝隙照片', 'sketch/SELFCHECK_W3_1.png', 'SELFCHECK_W3', '.png');
INSERT INTO ZL_FILE_INDEX(ID, CREATE_DATE, FILE_NAME, FILE_PATH, BELONG_TO, SUFFIX) VALUES ('SELFCHECK_W4_1', now(), '上传开孔封边照片1', 'sketch/SELFCHECK_W4_1.png', 'SELFCHECK_W4', '.png');
INSERT INTO ZL_FILE_INDEX(ID, CREATE_DATE, FILE_NAME, FILE_PATH, BELONG_TO, SUFFIX) VALUES ('SELFCHECK_W4_2', now(), '上传开孔封边照片2', 'sketch/SELFCHECK_W4_2.png', 'SELFCHECK_W4', '.png');
INSERT INTO ZL_FILE_INDEX(ID, CREATE_DATE, FILE_NAME, FILE_PATH, BELONG_TO, SUFFIX) VALUES ('SELFCHECK_W4_3', now(), '上传开孔封边照片3', 'sketch/SELFCHECK_W4_3.png', 'SELFCHECK_W4', '.png');
INSERT INTO ZL_FILE_INDEX(ID, CREATE_DATE, FILE_NAME, FILE_PATH, BELONG_TO, SUFFIX) VALUES ('SELFCHECK_W5_1', now(), '上传抽屉拉篮照片', 'sketch/SELFCHECK_W5_1.png', 'SELFCHECK_W5', '.png');

INSERT INTO ZL_FILE_INDEX(ID, CREATE_DATE, FILE_NAME, FILE_PATH, BELONG_TO, SUFFIX) VALUES ('SELFCHECK_N1_1', now(), '上传打胶固定照片', 'sketch/SELFCHECK_N1_1.png', 'SELFCHECK_N1', '.png');
INSERT INTO ZL_FILE_INDEX(ID, CREATE_DATE, FILE_NAME, FILE_PATH, BELONG_TO, SUFFIX) VALUES ('SELFCHECK_N2_1', now(), '上传安装完成效果照片', 'sketch/SELFCHECK_N2_1.png', 'SELFCHECK_N2', '.png');
INSERT INTO ZL_FILE_INDEX(ID, CREATE_DATE, FILE_NAME, FILE_PATH, BELONG_TO, SUFFIX) VALUES ('SELFCHECK_N3_1', now(), '上传安装完成缝隙照片1', 'sketch/SELFCHECK_N3_1.png', 'SELFCHECK_N3', '.png');
INSERT INTO ZL_FILE_INDEX(ID, CREATE_DATE, FILE_NAME, FILE_PATH, BELONG_TO, SUFFIX) VALUES ('SELFCHECK_N3_2', now(), '上传安装完成缝隙照片2', 'sketch/SELFCHECK_N3_2.png', 'SELFCHECK_N3', '.png');
INSERT INTO ZL_FILE_INDEX(ID, CREATE_DATE, FILE_NAME, FILE_PATH, BELONG_TO, SUFFIX) VALUES ('SELFCHECK_N3_3', now(), '上传安装完成缝隙照片3', 'sketch/SELFCHECK_N3_3.png', 'SELFCHECK_N3', '.png');

INSERT INTO ZL_FILE_INDEX(ID, CREATE_DATE, FILE_NAME, FILE_PATH, BELONG_TO, SUFFIX) VALUES ('SELFCHECK_J1_1', now(), '上传封板安装打胶照片1', 'sketch/SELFCHECK_J1_1.png', 'SELFCHECK_J1', '.png');
INSERT INTO ZL_FILE_INDEX(ID, CREATE_DATE, FILE_NAME, FILE_PATH, BELONG_TO, SUFFIX) VALUES ('SELFCHECK_J1_2', now(), '上传封板安装打胶照片2', 'sketch/SELFCHECK_J1_2.png', 'SELFCHECK_J1', '.png');
INSERT INTO ZL_FILE_INDEX(ID, CREATE_DATE, FILE_NAME, FILE_PATH, BELONG_TO, SUFFIX) VALUES ('SELFCHECK_J1_3', now(), '上传封板安装打胶照片3', 'sketch/SELFCHECK_J1_3.png', 'SELFCHECK_J1', '.png');
INSERT INTO ZL_FILE_INDEX(ID, CREATE_DATE, FILE_NAME, FILE_PATH, BELONG_TO, SUFFIX) VALUES ('SELFCHECK_J2_1', now(), '上传整体效果照片1', 'sketch/SELFCHECK_J2_1.png', 'SELFCHECK_J2', '.png');
INSERT INTO ZL_FILE_INDEX(ID, CREATE_DATE, FILE_NAME, FILE_PATH, BELONG_TO, SUFFIX) VALUES ('SELFCHECK_J2_2', now(), '上传整体效果照片2', 'sketch/SELFCHECK_J2_2.png', 'SELFCHECK_J2', '.png');
INSERT INTO ZL_FILE_INDEX(ID, CREATE_DATE, FILE_NAME, FILE_PATH, BELONG_TO, SUFFIX) VALUES ('SELFCHECK_J3_1', now(), '上传五金抽屉照片1', 'sketch/SELFCHECK_J3_1.png', 'SELFCHECK_J3', '.png');
INSERT INTO ZL_FILE_INDEX(ID, CREATE_DATE, FILE_NAME, FILE_PATH, BELONG_TO, SUFFIX) VALUES ('SELFCHECK_J3_2', now(), '上传五金抽屉照片2', 'sketch/SELFCHECK_J3_2.png', 'SELFCHECK_J3', '.png');
