INSERT INTO ZL_PROV(CREATE_DATE, STATUS, ID, CODE1, NAME1) VALUES(now(),'ENABLED','11','11','北京市');
INSERT INTO ZL_PROV(CREATE_DATE, STATUS, ID, CODE1, NAME1) VALUES(now(),'DISABLED','12','12','天津市');
INSERT INTO ZL_PROV(CREATE_DATE, STATUS, ID, CODE1, NAME1) VALUES(now(),'DISABLED','13','13','河北省');
INSERT INTO ZL_PROV(CREATE_DATE, STATUS, ID, CODE1, NAME1) VALUES(now(),'DISABLED','14','14','山西省');
INSERT INTO ZL_PROV(CREATE_DATE, STATUS, ID, CODE1, NAME1) VALUES(now(),'DISABLED','15','15','内蒙古自治区');
INSERT INTO ZL_PROV(CREATE_DATE, STATUS, ID, CODE1, NAME1) VALUES(now(),'DISABLED','21','21','辽宁省');
INSERT INTO ZL_PROV(CREATE_DATE, STATUS, ID, CODE1, NAME1) VALUES(now(),'DISABLED','22','22','吉林省');
INSERT INTO ZL_PROV(CREATE_DATE, STATUS, ID, CODE1, NAME1) VALUES(now(),'DISABLED','23','23','黑龙江省');
INSERT INTO ZL_PROV(CREATE_DATE, STATUS, ID, CODE1, NAME1) VALUES(now(),'DISABLED','31','31','上海市');
INSERT INTO ZL_PROV(CREATE_DATE, STATUS, ID, CODE1, NAME1) VALUES(now(),'DISABLED','32','32','江苏省');
INSERT INTO ZL_PROV(CREATE_DATE, STATUS, ID, CODE1, NAME1) VALUES(now(),'DISABLED','33','33','浙江省');
INSERT INTO ZL_PROV(CREATE_DATE, STATUS, ID, CODE1, NAME1) VALUES(now(),'DISABLED','34','34','安徽省');
INSERT INTO ZL_PROV(CREATE_DATE, STATUS, ID, CODE1, NAME1) VALUES(now(),'DISABLED','35','35','福建省');
INSERT INTO ZL_PROV(CREATE_DATE, STATUS, ID, CODE1, NAME1) VALUES(now(),'DISABLED','36','36','江西省');
INSERT INTO ZL_PROV(CREATE_DATE, STATUS, ID, CODE1, NAME1) VALUES(now(),'DISABLED','37','37','山东省');
INSERT INTO ZL_PROV(CREATE_DATE, STATUS, ID, CODE1, NAME1) VALUES(now(),'DISABLED','41','41','河南省');
INSERT INTO ZL_PROV(CREATE_DATE, STATUS, ID, CODE1, NAME1) VALUES(now(),'DISABLED','42','42','湖北省');
INSERT INTO ZL_PROV(CREATE_DATE, STATUS, ID, CODE1, NAME1) VALUES(now(),'DISABLED','43','43','湖南省');
INSERT INTO ZL_PROV(CREATE_DATE, STATUS, ID, CODE1, NAME1) VALUES(now(),'DISABLED','44','44','广东省');
INSERT INTO ZL_PROV(CREATE_DATE, STATUS, ID, CODE1, NAME1) VALUES(now(),'DISABLED','45','45','广西壮族自治区');
INSERT INTO ZL_PROV(CREATE_DATE, STATUS, ID, CODE1, NAME1) VALUES(now(),'DISABLED','46','46','海南省');
INSERT INTO ZL_PROV(CREATE_DATE, STATUS, ID, CODE1, NAME1) VALUES(now(),'DISABLED','50','50','重庆市');
INSERT INTO ZL_PROV(CREATE_DATE, STATUS, ID, CODE1, NAME1) VALUES(now(),'DISABLED','51','51','四川省');
INSERT INTO ZL_PROV(CREATE_DATE, STATUS, ID, CODE1, NAME1) VALUES(now(),'DISABLED','52','52','贵州省');
INSERT INTO ZL_PROV(CREATE_DATE, STATUS, ID, CODE1, NAME1) VALUES(now(),'DISABLED','53','53','云南省');
INSERT INTO ZL_PROV(CREATE_DATE, STATUS, ID, CODE1, NAME1) VALUES(now(),'DISABLED','54','54','西藏自治区');
INSERT INTO ZL_PROV(CREATE_DATE, STATUS, ID, CODE1, NAME1) VALUES(now(),'DISABLED','61','61','陕西省');
INSERT INTO ZL_PROV(CREATE_DATE, STATUS, ID, CODE1, NAME1) VALUES(now(),'DISABLED','62','62','甘肃省');
INSERT INTO ZL_PROV(CREATE_DATE, STATUS, ID, CODE1, NAME1) VALUES(now(),'DISABLED','63','63','青海省');
INSERT INTO ZL_PROV(CREATE_DATE, STATUS, ID, CODE1, NAME1) VALUES(now(),'DISABLED','64','64','宁夏回族自治区');
INSERT INTO ZL_PROV(CREATE_DATE, STATUS, ID, CODE1, NAME1) VALUES(now(),'DISABLED','65','65','新疆维吾尔自治区');


INSERT INTO ZL_CITY(CREATE_DATE, STATUS, ID, CODE1, NAME1, PROV_ID) VALUES(now(), 'ENABLED','1101','1101','北京市','11');
INSERT INTO ZL_CITY(CREATE_DATE, STATUS, ID, CODE1, NAME1, PROV_ID) VALUES(now(), 'DISABLED','1201','1201','天津市','12');
INSERT INTO ZL_CITY(CREATE_DATE, STATUS, ID, CODE1, NAME1, PROV_ID) VALUES(now(), 'DISABLED','1301','1301','石家庄市','13');
INSERT INTO ZL_CITY(CREATE_DATE, STATUS, ID, CODE1, NAME1, PROV_ID) VALUES(now(), 'DISABLED','1302','1302','唐山市','13');
INSERT INTO ZL_CITY(CREATE_DATE, STATUS, ID, CODE1, NAME1, PROV_ID) VALUES(now(), 'DISABLED','1303','1303','秦皇岛市','13');
INSERT INTO ZL_CITY(CREATE_DATE, STATUS, ID, CODE1, NAME1, PROV_ID) VALUES(now(), 'DISABLED','1304','1304','邯郸市','13');
INSERT INTO ZL_CITY(CREATE_DATE, STATUS, ID, CODE1, NAME1, PROV_ID) VALUES(now(), 'DISABLED','1305','1305','邢台市','13');
INSERT INTO ZL_CITY(CREATE_DATE, STATUS, ID, CODE1, NAME1, PROV_ID) VALUES(now(), 'DISABLED','1306','1306','保定市','13');
INSERT INTO ZL_CITY(CREATE_DATE, STATUS, ID, CODE1, NAME1, PROV_ID) VALUES(now(), 'DISABLED','1307','1307','张家口市','13');
INSERT INTO ZL_CITY(CREATE_DATE, STATUS, ID, CODE1, NAME1, PROV_ID) VALUES(now(), 'DISABLED','1308','1308','承德市','13');
INSERT INTO ZL_CITY(CREATE_DATE, STATUS, ID, CODE1, NAME1, PROV_ID) VALUES(now(), 'DISABLED','1309','1309','沧州市','13');
INSERT INTO ZL_CITY(CREATE_DATE, STATUS, ID, CODE1, NAME1, PROV_ID) VALUES(now(), 'DISABLED','1310','1310','廊坊市','13');
INSERT INTO ZL_CITY(CREATE_DATE, STATUS, ID, CODE1, NAME1, PROV_ID) VALUES(now(), 'DISABLED','1311','1311','衡水市','13');
INSERT INTO ZL_CITY(CREATE_DATE, STATUS, ID, CODE1, NAME1, PROV_ID) VALUES(now(), 'DISABLED','1401','1401','太原市','14');
INSERT INTO ZL_CITY(CREATE_DATE, STATUS, ID, CODE1, NAME1, PROV_ID) VALUES(now(), 'DISABLED','1402','1402','大同市','14');
INSERT INTO ZL_CITY(CREATE_DATE, STATUS, ID, CODE1, NAME1, PROV_ID) VALUES(now(), 'DISABLED','1403','1403','阳泉市','14');
INSERT INTO ZL_CITY(CREATE_DATE, STATUS, ID, CODE1, NAME1, PROV_ID) VALUES(now(), 'DISABLED','1404','1404','长治市','14');
INSERT INTO ZL_CITY(CREATE_DATE, STATUS, ID, CODE1, NAME1, PROV_ID) VALUES(now(), 'DISABLED','1405','1405','晋城市','14');
INSERT INTO ZL_CITY(CREATE_DATE, STATUS, ID, CODE1, NAME1, PROV_ID) VALUES(now(), 'DISABLED','1406','1406','朔州市','14');
INSERT INTO ZL_CITY(CREATE_DATE, STATUS, ID, CODE1, NAME1, PROV_ID) VALUES(now(), 'DISABLED','1407','1407','晋中市','14');
INSERT INTO ZL_CITY(CREATE_DATE, STATUS, ID, CODE1, NAME1, PROV_ID) VALUES(now(), 'DISABLED','1408','1408','运城市','14');
INSERT INTO ZL_CITY(CREATE_DATE, STATUS, ID, CODE1, NAME1, PROV_ID) VALUES(now(), 'DISABLED','1409','1409','忻州市','14');
INSERT INTO ZL_CITY(CREATE_DATE, STATUS, ID, CODE1, NAME1, PROV_ID) VALUES(now(), 'DISABLED','1410','1410','临汾市','14');
INSERT INTO ZL_CITY(CREATE_DATE, STATUS, ID, CODE1, NAME1, PROV_ID) VALUES(now(), 'DISABLED','1411','1411','吕梁市','14');
INSERT INTO ZL_CITY(CREATE_DATE, STATUS, ID, CODE1, NAME1, PROV_ID) VALUES(now(), 'DISABLED','1501','1501','呼和浩特市','15');
INSERT INTO ZL_CITY(CREATE_DATE, STATUS, ID, CODE1, NAME1, PROV_ID) VALUES(now(), 'DISABLED','1502','1502','包头市','15');
INSERT INTO ZL_CITY(CREATE_DATE, STATUS, ID, CODE1, NAME1, PROV_ID) VALUES(now(), 'DISABLED','1503','1503','乌海市','15');
INSERT INTO ZL_CITY(CREATE_DATE, STATUS, ID, CODE1, NAME1, PROV_ID) VALUES(now(), 'DISABLED','1504','1504','赤峰市','15');
INSERT INTO ZL_CITY(CREATE_DATE, STATUS, ID, CODE1, NAME1, PROV_ID) VALUES(now(), 'DISABLED','1505','1505','通辽市','15');
INSERT INTO ZL_CITY(CREATE_DATE, STATUS, ID, CODE1, NAME1, PROV_ID) VALUES(now(), 'DISABLED','1506','1506','鄂尔多斯市','15');
INSERT INTO ZL_CITY(CREATE_DATE, STATUS, ID, CODE1, NAME1, PROV_ID) VALUES(now(), 'DISABLED','1507','1507','呼伦贝尔市','15');
INSERT INTO ZL_CITY(CREATE_DATE, STATUS, ID, CODE1, NAME1, PROV_ID) VALUES(now(), 'DISABLED','1508','1508','巴彦淖尔市','15');
INSERT INTO ZL_CITY(CREATE_DATE, STATUS, ID, CODE1, NAME1, PROV_ID) VALUES(now(), 'DISABLED','1509','1509','乌兰察布市','15');
INSERT INTO ZL_CITY(CREATE_DATE, STATUS, ID, CODE1, NAME1, PROV_ID) VALUES(now(), 'DISABLED','1522','1522','兴安盟','15');
INSERT INTO ZL_CITY(CREATE_DATE, STATUS, ID, CODE1, NAME1, PROV_ID) VALUES(now(), 'DISABLED','1525','1525','锡林郭勒盟','15');
INSERT INTO ZL_CITY(CREATE_DATE, STATUS, ID, CODE1, NAME1, PROV_ID) VALUES(now(), 'DISABLED','1529','1529','阿拉善盟','15');
INSERT INTO ZL_CITY(CREATE_DATE, STATUS, ID, CODE1, NAME1, PROV_ID) VALUES(now(), 'DISABLED','2101','2101','沈阳市','21');
INSERT INTO ZL_CITY(CREATE_DATE, STATUS, ID, CODE1, NAME1, PROV_ID) VALUES(now(), 'DISABLED','2102','2102','大连市','21');
INSERT INTO ZL_CITY(CREATE_DATE, STATUS, ID, CODE1, NAME1, PROV_ID) VALUES(now(), 'DISABLED','2103','2103','鞍山市','21');
INSERT INTO ZL_CITY(CREATE_DATE, STATUS, ID, CODE1, NAME1, PROV_ID) VALUES(now(), 'DISABLED','2104','2104','抚顺市','21');
INSERT INTO ZL_CITY(CREATE_DATE, STATUS, ID, CODE1, NAME1, PROV_ID) VALUES(now(), 'DISABLED','2105','2105','本溪市','21');
INSERT INTO ZL_CITY(CREATE_DATE, STATUS, ID, CODE1, NAME1, PROV_ID) VALUES(now(), 'DISABLED','2106','2106','丹东市','21');
INSERT INTO ZL_CITY(CREATE_DATE, STATUS, ID, CODE1, NAME1, PROV_ID) VALUES(now(), 'DISABLED','2107','2107','锦州市','21');
INSERT INTO ZL_CITY(CREATE_DATE, STATUS, ID, CODE1, NAME1, PROV_ID) VALUES(now(), 'DISABLED','2108','2108','营口市','21');
INSERT INTO ZL_CITY(CREATE_DATE, STATUS, ID, CODE1, NAME1, PROV_ID) VALUES(now(), 'DISABLED','2109','2109','阜新市','21');
INSERT INTO ZL_CITY(CREATE_DATE, STATUS, ID, CODE1, NAME1, PROV_ID) VALUES(now(), 'DISABLED','2110','2110','辽阳市','21');
INSERT INTO ZL_CITY(CREATE_DATE, STATUS, ID, CODE1, NAME1, PROV_ID) VALUES(now(), 'DISABLED','2111','2111','盘锦市','21');
INSERT INTO ZL_CITY(CREATE_DATE, STATUS, ID, CODE1, NAME1, PROV_ID) VALUES(now(), 'DISABLED','2112','2112','铁岭市','21');
INSERT INTO ZL_CITY(CREATE_DATE, STATUS, ID, CODE1, NAME1, PROV_ID) VALUES(now(), 'DISABLED','2113','2113','朝阳市','21');
INSERT INTO ZL_CITY(CREATE_DATE, STATUS, ID, CODE1, NAME1, PROV_ID) VALUES(now(), 'DISABLED','2114','2114','葫芦岛市','21');
INSERT INTO ZL_CITY(CREATE_DATE, STATUS, ID, CODE1, NAME1, PROV_ID) VALUES(now(), 'DISABLED','2201','2201','长春市','22');
INSERT INTO ZL_CITY(CREATE_DATE, STATUS, ID, CODE1, NAME1, PROV_ID) VALUES(now(), 'DISABLED','2202','2202','吉林市','22');
INSERT INTO ZL_CITY(CREATE_DATE, STATUS, ID, CODE1, NAME1, PROV_ID) VALUES(now(), 'DISABLED','2203','2203','四平市','22');
INSERT INTO ZL_CITY(CREATE_DATE, STATUS, ID, CODE1, NAME1, PROV_ID) VALUES(now(), 'DISABLED','2204','2204','辽源市','22');
INSERT INTO ZL_CITY(CREATE_DATE, STATUS, ID, CODE1, NAME1, PROV_ID) VALUES(now(), 'DISABLED','2205','2205','通化市','22');
INSERT INTO ZL_CITY(CREATE_DATE, STATUS, ID, CODE1, NAME1, PROV_ID) VALUES(now(), 'DISABLED','2206','2206','白山市','22');
INSERT INTO ZL_CITY(CREATE_DATE, STATUS, ID, CODE1, NAME1, PROV_ID) VALUES(now(), 'DISABLED','2207','2207','松原市','22');
INSERT INTO ZL_CITY(CREATE_DATE, STATUS, ID, CODE1, NAME1, PROV_ID) VALUES(now(), 'DISABLED','2208','2208','白城市','22');
INSERT INTO ZL_CITY(CREATE_DATE, STATUS, ID, CODE1, NAME1, PROV_ID) VALUES(now(), 'DISABLED','2224','2224','延边朝鲜族自治州','22');
INSERT INTO ZL_CITY(CREATE_DATE, STATUS, ID, CODE1, NAME1, PROV_ID) VALUES(now(), 'DISABLED','2301','2301','哈尔滨市','23');
INSERT INTO ZL_CITY(CREATE_DATE, STATUS, ID, CODE1, NAME1, PROV_ID) VALUES(now(), 'DISABLED','2302','2302','齐齐哈尔市','23');
INSERT INTO ZL_CITY(CREATE_DATE, STATUS, ID, CODE1, NAME1, PROV_ID) VALUES(now(), 'DISABLED','2303','2303','鸡西市','23');
INSERT INTO ZL_CITY(CREATE_DATE, STATUS, ID, CODE1, NAME1, PROV_ID) VALUES(now(), 'DISABLED','2304','2304','鹤岗市','23');
INSERT INTO ZL_CITY(CREATE_DATE, STATUS, ID, CODE1, NAME1, PROV_ID) VALUES(now(), 'DISABLED','2305','2305','双鸭山市','23');
INSERT INTO ZL_CITY(CREATE_DATE, STATUS, ID, CODE1, NAME1, PROV_ID) VALUES(now(), 'DISABLED','2306','2306','大庆市','23');
INSERT INTO ZL_CITY(CREATE_DATE, STATUS, ID, CODE1, NAME1, PROV_ID) VALUES(now(), 'DISABLED','2307','2307','伊春市','23');
INSERT INTO ZL_CITY(CREATE_DATE, STATUS, ID, CODE1, NAME1, PROV_ID) VALUES(now(), 'DISABLED','2308','2308','佳木斯市','23');
INSERT INTO ZL_CITY(CREATE_DATE, STATUS, ID, CODE1, NAME1, PROV_ID) VALUES(now(), 'DISABLED','2309','2309','七台河市','23');
INSERT INTO ZL_CITY(CREATE_DATE, STATUS, ID, CODE1, NAME1, PROV_ID) VALUES(now(), 'DISABLED','2310','2310','牡丹江市','23');
INSERT INTO ZL_CITY(CREATE_DATE, STATUS, ID, CODE1, NAME1, PROV_ID) VALUES(now(), 'DISABLED','2311','2311','黑河市','23');
INSERT INTO ZL_CITY(CREATE_DATE, STATUS, ID, CODE1, NAME1, PROV_ID) VALUES(now(), 'DISABLED','2312','2312','绥化市','23');
INSERT INTO ZL_CITY(CREATE_DATE, STATUS, ID, CODE1, NAME1, PROV_ID) VALUES(now(), 'DISABLED','2327','2327','大兴安岭地区','23');
INSERT INTO ZL_CITY(CREATE_DATE, STATUS, ID, CODE1, NAME1, PROV_ID) VALUES(now(), 'DISABLED','3101','3101','上海市','31');
INSERT INTO ZL_CITY(CREATE_DATE, STATUS, ID, CODE1, NAME1, PROV_ID) VALUES(now(), 'DISABLED','3201','3201','南京市','32');
INSERT INTO ZL_CITY(CREATE_DATE, STATUS, ID, CODE1, NAME1, PROV_ID) VALUES(now(), 'DISABLED','3202','3202','无锡市','32');
INSERT INTO ZL_CITY(CREATE_DATE, STATUS, ID, CODE1, NAME1, PROV_ID) VALUES(now(), 'DISABLED','3203','3203','徐州市','32');
INSERT INTO ZL_CITY(CREATE_DATE, STATUS, ID, CODE1, NAME1, PROV_ID) VALUES(now(), 'DISABLED','3204','3204','常州市','32');
INSERT INTO ZL_CITY(CREATE_DATE, STATUS, ID, CODE1, NAME1, PROV_ID) VALUES(now(), 'DISABLED','3205','3205','苏州市','32');
INSERT INTO ZL_CITY(CREATE_DATE, STATUS, ID, CODE1, NAME1, PROV_ID) VALUES(now(), 'DISABLED','3206','3206','南通市','32');
INSERT INTO ZL_CITY(CREATE_DATE, STATUS, ID, CODE1, NAME1, PROV_ID) VALUES(now(), 'DISABLED','3207','3207','连云港市','32');
INSERT INTO ZL_CITY(CREATE_DATE, STATUS, ID, CODE1, NAME1, PROV_ID) VALUES(now(), 'DISABLED','3208','3208','淮安市','32');
INSERT INTO ZL_CITY(CREATE_DATE, STATUS, ID, CODE1, NAME1, PROV_ID) VALUES(now(), 'DISABLED','3209','3209','盐城市','32');
INSERT INTO ZL_CITY(CREATE_DATE, STATUS, ID, CODE1, NAME1, PROV_ID) VALUES(now(), 'DISABLED','3210','3210','扬州市','32');
INSERT INTO ZL_CITY(CREATE_DATE, STATUS, ID, CODE1, NAME1, PROV_ID) VALUES(now(), 'DISABLED','3211','3211','镇江市','32');
INSERT INTO ZL_CITY(CREATE_DATE, STATUS, ID, CODE1, NAME1, PROV_ID) VALUES(now(), 'DISABLED','3212','3212','泰州市','32');
INSERT INTO ZL_CITY(CREATE_DATE, STATUS, ID, CODE1, NAME1, PROV_ID) VALUES(now(), 'DISABLED','3213','3213','宿迁市','32');
INSERT INTO ZL_CITY(CREATE_DATE, STATUS, ID, CODE1, NAME1, PROV_ID) VALUES(now(), 'DISABLED','3301','3301','杭州市','33');
INSERT INTO ZL_CITY(CREATE_DATE, STATUS, ID, CODE1, NAME1, PROV_ID) VALUES(now(), 'DISABLED','3302','3302','宁波市','33');
INSERT INTO ZL_CITY(CREATE_DATE, STATUS, ID, CODE1, NAME1, PROV_ID) VALUES(now(), 'DISABLED','3303','3303','温州市','33');
INSERT INTO ZL_CITY(CREATE_DATE, STATUS, ID, CODE1, NAME1, PROV_ID) VALUES(now(), 'DISABLED','3304','3304','嘉兴市','33');
INSERT INTO ZL_CITY(CREATE_DATE, STATUS, ID, CODE1, NAME1, PROV_ID) VALUES(now(), 'DISABLED','3305','3305','湖州市','33');
INSERT INTO ZL_CITY(CREATE_DATE, STATUS, ID, CODE1, NAME1, PROV_ID) VALUES(now(), 'DISABLED','3306','3306','绍兴市','33');
INSERT INTO ZL_CITY(CREATE_DATE, STATUS, ID, CODE1, NAME1, PROV_ID) VALUES(now(), 'DISABLED','3307','3307','金华市','33');
INSERT INTO ZL_CITY(CREATE_DATE, STATUS, ID, CODE1, NAME1, PROV_ID) VALUES(now(), 'DISABLED','3308','3308','衢州市','33');
INSERT INTO ZL_CITY(CREATE_DATE, STATUS, ID, CODE1, NAME1, PROV_ID) VALUES(now(), 'DISABLED','3309','3309','舟山市','33');
INSERT INTO ZL_CITY(CREATE_DATE, STATUS, ID, CODE1, NAME1, PROV_ID) VALUES(now(), 'DISABLED','3310','3310','台州市','33');
INSERT INTO ZL_CITY(CREATE_DATE, STATUS, ID, CODE1, NAME1, PROV_ID) VALUES(now(), 'DISABLED','3311','3311','丽水市','33');
INSERT INTO ZL_CITY(CREATE_DATE, STATUS, ID, CODE1, NAME1, PROV_ID) VALUES(now(), 'DISABLED','3401','3401','合肥市','34');
INSERT INTO ZL_CITY(CREATE_DATE, STATUS, ID, CODE1, NAME1, PROV_ID) VALUES(now(), 'DISABLED','3402','3402','芜湖市','34');
INSERT INTO ZL_CITY(CREATE_DATE, STATUS, ID, CODE1, NAME1, PROV_ID) VALUES(now(), 'DISABLED','3403','3403','蚌埠市','34');
INSERT INTO ZL_CITY(CREATE_DATE, STATUS, ID, CODE1, NAME1, PROV_ID) VALUES(now(), 'DISABLED','3404','3404','淮南市','34');
INSERT INTO ZL_CITY(CREATE_DATE, STATUS, ID, CODE1, NAME1, PROV_ID) VALUES(now(), 'DISABLED','3405','3405','马鞍山市','34');
INSERT INTO ZL_CITY(CREATE_DATE, STATUS, ID, CODE1, NAME1, PROV_ID) VALUES(now(), 'DISABLED','3406','3406','淮北市','34');
INSERT INTO ZL_CITY(CREATE_DATE, STATUS, ID, CODE1, NAME1, PROV_ID) VALUES(now(), 'DISABLED','3407','3407','铜陵市','34');
INSERT INTO ZL_CITY(CREATE_DATE, STATUS, ID, CODE1, NAME1, PROV_ID) VALUES(now(), 'DISABLED','3408','3408','安庆市','34');
INSERT INTO ZL_CITY(CREATE_DATE, STATUS, ID, CODE1, NAME1, PROV_ID) VALUES(now(), 'DISABLED','3410','3410','黄山市','34');
INSERT INTO ZL_CITY(CREATE_DATE, STATUS, ID, CODE1, NAME1, PROV_ID) VALUES(now(), 'DISABLED','3411','3411','滁州市','34');
INSERT INTO ZL_CITY(CREATE_DATE, STATUS, ID, CODE1, NAME1, PROV_ID) VALUES(now(), 'DISABLED','3412','3412','阜阳市','34');
INSERT INTO ZL_CITY(CREATE_DATE, STATUS, ID, CODE1, NAME1, PROV_ID) VALUES(now(), 'DISABLED','3413','3413','宿州市','34');
INSERT INTO ZL_CITY(CREATE_DATE, STATUS, ID, CODE1, NAME1, PROV_ID) VALUES(now(), 'DISABLED','3414','3414','巢湖市','34');
INSERT INTO ZL_CITY(CREATE_DATE, STATUS, ID, CODE1, NAME1, PROV_ID) VALUES(now(), 'DISABLED','3415','3415','六安市','34');
INSERT INTO ZL_CITY(CREATE_DATE, STATUS, ID, CODE1, NAME1, PROV_ID) VALUES(now(), 'DISABLED','3416','3416','亳州市','34');
INSERT INTO ZL_CITY(CREATE_DATE, STATUS, ID, CODE1, NAME1, PROV_ID) VALUES(now(), 'DISABLED','3417','3417','池州市','34');
INSERT INTO ZL_CITY(CREATE_DATE, STATUS, ID, CODE1, NAME1, PROV_ID) VALUES(now(), 'DISABLED','3418','3418','宣城市','34');
INSERT INTO ZL_CITY(CREATE_DATE, STATUS, ID, CODE1, NAME1, PROV_ID) VALUES(now(), 'DISABLED','3501','3501','福州市','35');
INSERT INTO ZL_CITY(CREATE_DATE, STATUS, ID, CODE1, NAME1, PROV_ID) VALUES(now(), 'DISABLED','3502','3502','厦门市','35');
INSERT INTO ZL_CITY(CREATE_DATE, STATUS, ID, CODE1, NAME1, PROV_ID) VALUES(now(), 'DISABLED','3503','3503','莆田市','35');
INSERT INTO ZL_CITY(CREATE_DATE, STATUS, ID, CODE1, NAME1, PROV_ID) VALUES(now(), 'DISABLED','3504','3504','三明市','35');
INSERT INTO ZL_CITY(CREATE_DATE, STATUS, ID, CODE1, NAME1, PROV_ID) VALUES(now(), 'DISABLED','3505','3505','泉州市','35');
INSERT INTO ZL_CITY(CREATE_DATE, STATUS, ID, CODE1, NAME1, PROV_ID) VALUES(now(), 'DISABLED','3506','3506','漳州市','35');
INSERT INTO ZL_CITY(CREATE_DATE, STATUS, ID, CODE1, NAME1, PROV_ID) VALUES(now(), 'DISABLED','3507','3507','南平市','35');
INSERT INTO ZL_CITY(CREATE_DATE, STATUS, ID, CODE1, NAME1, PROV_ID) VALUES(now(), 'DISABLED','3508','3508','龙岩市','35');
INSERT INTO ZL_CITY(CREATE_DATE, STATUS, ID, CODE1, NAME1, PROV_ID) VALUES(now(), 'DISABLED','3509','3509','宁德市','35');
INSERT INTO ZL_CITY(CREATE_DATE, STATUS, ID, CODE1, NAME1, PROV_ID) VALUES(now(), 'DISABLED','3601','3601','南昌市','36');
INSERT INTO ZL_CITY(CREATE_DATE, STATUS, ID, CODE1, NAME1, PROV_ID) VALUES(now(), 'DISABLED','3602','3602','景德镇市','36');
INSERT INTO ZL_CITY(CREATE_DATE, STATUS, ID, CODE1, NAME1, PROV_ID) VALUES(now(), 'DISABLED','3603','3603','萍乡市','36');
INSERT INTO ZL_CITY(CREATE_DATE, STATUS, ID, CODE1, NAME1, PROV_ID) VALUES(now(), 'DISABLED','3604','3604','九江市','36');
INSERT INTO ZL_CITY(CREATE_DATE, STATUS, ID, CODE1, NAME1, PROV_ID) VALUES(now(), 'DISABLED','3605','3605','新余市','36');
INSERT INTO ZL_CITY(CREATE_DATE, STATUS, ID, CODE1, NAME1, PROV_ID) VALUES(now(), 'DISABLED','3606','3606','鹰潭市','36');
INSERT INTO ZL_CITY(CREATE_DATE, STATUS, ID, CODE1, NAME1, PROV_ID) VALUES(now(), 'DISABLED','3607','3607','赣州市','36');
INSERT INTO ZL_CITY(CREATE_DATE, STATUS, ID, CODE1, NAME1, PROV_ID) VALUES(now(), 'DISABLED','3608','3608','吉安市','36');
INSERT INTO ZL_CITY(CREATE_DATE, STATUS, ID, CODE1, NAME1, PROV_ID) VALUES(now(), 'DISABLED','3609','3609','宜春市','36');
INSERT INTO ZL_CITY(CREATE_DATE, STATUS, ID, CODE1, NAME1, PROV_ID) VALUES(now(), 'DISABLED','3610','3610','抚州市','36');
INSERT INTO ZL_CITY(CREATE_DATE, STATUS, ID, CODE1, NAME1, PROV_ID) VALUES(now(), 'DISABLED','3611','3611','上饶市','36');
INSERT INTO ZL_CITY(CREATE_DATE, STATUS, ID, CODE1, NAME1, PROV_ID) VALUES(now(), 'DISABLED','3701','3701','济南市','37');
INSERT INTO ZL_CITY(CREATE_DATE, STATUS, ID, CODE1, NAME1, PROV_ID) VALUES(now(), 'DISABLED','3702','3702','青岛市','37');
INSERT INTO ZL_CITY(CREATE_DATE, STATUS, ID, CODE1, NAME1, PROV_ID) VALUES(now(), 'DISABLED','3703','3703','淄博市','37');
INSERT INTO ZL_CITY(CREATE_DATE, STATUS, ID, CODE1, NAME1, PROV_ID) VALUES(now(), 'DISABLED','3704','3704','枣庄市','37');
INSERT INTO ZL_CITY(CREATE_DATE, STATUS, ID, CODE1, NAME1, PROV_ID) VALUES(now(), 'DISABLED','3705','3705','东营市','37');
INSERT INTO ZL_CITY(CREATE_DATE, STATUS, ID, CODE1, NAME1, PROV_ID) VALUES(now(), 'DISABLED','3706','3706','烟台市','37');
INSERT INTO ZL_CITY(CREATE_DATE, STATUS, ID, CODE1, NAME1, PROV_ID) VALUES(now(), 'DISABLED','3707','3707','潍坊市','37');
INSERT INTO ZL_CITY(CREATE_DATE, STATUS, ID, CODE1, NAME1, PROV_ID) VALUES(now(), 'DISABLED','3708','3708','济宁市','37');
INSERT INTO ZL_CITY(CREATE_DATE, STATUS, ID, CODE1, NAME1, PROV_ID) VALUES(now(), 'DISABLED','3709','3709','泰安市','37');
INSERT INTO ZL_CITY(CREATE_DATE, STATUS, ID, CODE1, NAME1, PROV_ID) VALUES(now(), 'DISABLED','3710','3710','威海市','37');
INSERT INTO ZL_CITY(CREATE_DATE, STATUS, ID, CODE1, NAME1, PROV_ID) VALUES(now(), 'DISABLED','3711','3711','日照市','37');
INSERT INTO ZL_CITY(CREATE_DATE, STATUS, ID, CODE1, NAME1, PROV_ID) VALUES(now(), 'DISABLED','3712','3712','莱芜市','37');
INSERT INTO ZL_CITY(CREATE_DATE, STATUS, ID, CODE1, NAME1, PROV_ID) VALUES(now(), 'DISABLED','3713','3713','临沂市','37');
INSERT INTO ZL_CITY(CREATE_DATE, STATUS, ID, CODE1, NAME1, PROV_ID) VALUES(now(), 'DISABLED','3714','3714','德州市','37');
INSERT INTO ZL_CITY(CREATE_DATE, STATUS, ID, CODE1, NAME1, PROV_ID) VALUES(now(), 'DISABLED','3715','3715','聊城市','37');
INSERT INTO ZL_CITY(CREATE_DATE, STATUS, ID, CODE1, NAME1, PROV_ID) VALUES(now(), 'DISABLED','3716','3716','滨州市','37');
INSERT INTO ZL_CITY(CREATE_DATE, STATUS, ID, CODE1, NAME1, PROV_ID) VALUES(now(), 'DISABLED','3717','3717','菏泽市','37');
INSERT INTO ZL_CITY(CREATE_DATE, STATUS, ID, CODE1, NAME1, PROV_ID) VALUES(now(), 'DISABLED','4101','4101','郑州市','41');
INSERT INTO ZL_CITY(CREATE_DATE, STATUS, ID, CODE1, NAME1, PROV_ID) VALUES(now(), 'DISABLED','4102','4102','开封市','41');
INSERT INTO ZL_CITY(CREATE_DATE, STATUS, ID, CODE1, NAME1, PROV_ID) VALUES(now(), 'DISABLED','4103','4103','洛阳市','41');
INSERT INTO ZL_CITY(CREATE_DATE, STATUS, ID, CODE1, NAME1, PROV_ID) VALUES(now(), 'DISABLED','4104','4104','平顶山市','41');
INSERT INTO ZL_CITY(CREATE_DATE, STATUS, ID, CODE1, NAME1, PROV_ID) VALUES(now(), 'DISABLED','4105','4105','安阳市','41');
INSERT INTO ZL_CITY(CREATE_DATE, STATUS, ID, CODE1, NAME1, PROV_ID) VALUES(now(), 'DISABLED','4106','4106','鹤壁市','41');
INSERT INTO ZL_CITY(CREATE_DATE, STATUS, ID, CODE1, NAME1, PROV_ID) VALUES(now(), 'DISABLED','4107','4107','新乡市','41');
INSERT INTO ZL_CITY(CREATE_DATE, STATUS, ID, CODE1, NAME1, PROV_ID) VALUES(now(), 'DISABLED','4108','4108','焦作市','41');
INSERT INTO ZL_CITY(CREATE_DATE, STATUS, ID, CODE1, NAME1, PROV_ID) VALUES(now(), 'DISABLED','4109','4109','濮阳市','41');
INSERT INTO ZL_CITY(CREATE_DATE, STATUS, ID, CODE1, NAME1, PROV_ID) VALUES(now(), 'DISABLED','4110','4110','许昌市','41');
INSERT INTO ZL_CITY(CREATE_DATE, STATUS, ID, CODE1, NAME1, PROV_ID) VALUES(now(), 'DISABLED','4111','4111','漯河市','41');
INSERT INTO ZL_CITY(CREATE_DATE, STATUS, ID, CODE1, NAME1, PROV_ID) VALUES(now(), 'DISABLED','4112','4112','三门峡市','41');
INSERT INTO ZL_CITY(CREATE_DATE, STATUS, ID, CODE1, NAME1, PROV_ID) VALUES(now(), 'DISABLED','4113','4113','南阳市','41');
INSERT INTO ZL_CITY(CREATE_DATE, STATUS, ID, CODE1, NAME1, PROV_ID) VALUES(now(), 'DISABLED','4114','4114','商丘市','41');
INSERT INTO ZL_CITY(CREATE_DATE, STATUS, ID, CODE1, NAME1, PROV_ID) VALUES(now(), 'DISABLED','4115','4115','信阳市','41');
INSERT INTO ZL_CITY(CREATE_DATE, STATUS, ID, CODE1, NAME1, PROV_ID) VALUES(now(), 'DISABLED','4116','4116','周口市','41');
INSERT INTO ZL_CITY(CREATE_DATE, STATUS, ID, CODE1, NAME1, PROV_ID) VALUES(now(), 'DISABLED','4117','4117','驻马店市','41');
INSERT INTO ZL_CITY(CREATE_DATE, STATUS, ID, CODE1, NAME1, PROV_ID) VALUES(now(), 'DISABLED','4201','4201','武汉市','42');
INSERT INTO ZL_CITY(CREATE_DATE, STATUS, ID, CODE1, NAME1, PROV_ID) VALUES(now(), 'DISABLED','4202','4202','黄石市','42');
INSERT INTO ZL_CITY(CREATE_DATE, STATUS, ID, CODE1, NAME1, PROV_ID) VALUES(now(), 'DISABLED','4203','4203','十堰市','42');
INSERT INTO ZL_CITY(CREATE_DATE, STATUS, ID, CODE1, NAME1, PROV_ID) VALUES(now(), 'DISABLED','4205','4205','宜昌市','42');
INSERT INTO ZL_CITY(CREATE_DATE, STATUS, ID, CODE1, NAME1, PROV_ID) VALUES(now(), 'DISABLED','4206','4206','襄樊市','42');
INSERT INTO ZL_CITY(CREATE_DATE, STATUS, ID, CODE1, NAME1, PROV_ID) VALUES(now(), 'DISABLED','4207','4207','鄂州市','42');
INSERT INTO ZL_CITY(CREATE_DATE, STATUS, ID, CODE1, NAME1, PROV_ID) VALUES(now(), 'DISABLED','4208','4208','荆门市','42');
INSERT INTO ZL_CITY(CREATE_DATE, STATUS, ID, CODE1, NAME1, PROV_ID) VALUES(now(), 'DISABLED','4209','4209','孝感市','42');
INSERT INTO ZL_CITY(CREATE_DATE, STATUS, ID, CODE1, NAME1, PROV_ID) VALUES(now(), 'DISABLED','4210','4210','荆州市','42');
INSERT INTO ZL_CITY(CREATE_DATE, STATUS, ID, CODE1, NAME1, PROV_ID) VALUES(now(), 'DISABLED','4211','4211','黄冈市','42');
INSERT INTO ZL_CITY(CREATE_DATE, STATUS, ID, CODE1, NAME1, PROV_ID) VALUES(now(), 'DISABLED','4212','4212','咸宁市','42');
INSERT INTO ZL_CITY(CREATE_DATE, STATUS, ID, CODE1, NAME1, PROV_ID) VALUES(now(), 'DISABLED','4213','4213','随州市','42');
INSERT INTO ZL_CITY(CREATE_DATE, STATUS, ID, CODE1, NAME1, PROV_ID) VALUES(now(), 'DISABLED','4228','4228','恩施土家族苗族自治州','42');
INSERT INTO ZL_CITY(CREATE_DATE, STATUS, ID, CODE1, NAME1, PROV_ID) VALUES(now(), 'DISABLED','4301','4301','长沙市','43');
INSERT INTO ZL_CITY(CREATE_DATE, STATUS, ID, CODE1, NAME1, PROV_ID) VALUES(now(), 'DISABLED','4302','4302','株洲市','43');
INSERT INTO ZL_CITY(CREATE_DATE, STATUS, ID, CODE1, NAME1, PROV_ID) VALUES(now(), 'DISABLED','4303','4303','湘潭市','43');
INSERT INTO ZL_CITY(CREATE_DATE, STATUS, ID, CODE1, NAME1, PROV_ID) VALUES(now(), 'DISABLED','4304','4304','衡阳市','43');
INSERT INTO ZL_CITY(CREATE_DATE, STATUS, ID, CODE1, NAME1, PROV_ID) VALUES(now(), 'DISABLED','4305','4305','邵阳市','43');
INSERT INTO ZL_CITY(CREATE_DATE, STATUS, ID, CODE1, NAME1, PROV_ID) VALUES(now(), 'DISABLED','4306','4306','岳阳市','43');
INSERT INTO ZL_CITY(CREATE_DATE, STATUS, ID, CODE1, NAME1, PROV_ID) VALUES(now(), 'DISABLED','4307','4307','常德市','43');
INSERT INTO ZL_CITY(CREATE_DATE, STATUS, ID, CODE1, NAME1, PROV_ID) VALUES(now(), 'DISABLED','4308','4308','张家界市','43');
INSERT INTO ZL_CITY(CREATE_DATE, STATUS, ID, CODE1, NAME1, PROV_ID) VALUES(now(), 'DISABLED','4309','4309','益阳市','43');
INSERT INTO ZL_CITY(CREATE_DATE, STATUS, ID, CODE1, NAME1, PROV_ID) VALUES(now(), 'DISABLED','4310','4310','郴州市','43');
INSERT INTO ZL_CITY(CREATE_DATE, STATUS, ID, CODE1, NAME1, PROV_ID) VALUES(now(), 'DISABLED','4311','4311','永州市','43');
INSERT INTO ZL_CITY(CREATE_DATE, STATUS, ID, CODE1, NAME1, PROV_ID) VALUES(now(), 'DISABLED','4312','4312','怀化市','43');
INSERT INTO ZL_CITY(CREATE_DATE, STATUS, ID, CODE1, NAME1, PROV_ID) VALUES(now(), 'DISABLED','4313','4313','娄底市','43');
INSERT INTO ZL_CITY(CREATE_DATE, STATUS, ID, CODE1, NAME1, PROV_ID) VALUES(now(), 'DISABLED','4331','4331','湘西土家族苗族自治州','43');
INSERT INTO ZL_CITY(CREATE_DATE, STATUS, ID, CODE1, NAME1, PROV_ID) VALUES(now(), 'DISABLED','4401','4401','广州市','44');
INSERT INTO ZL_CITY(CREATE_DATE, STATUS, ID, CODE1, NAME1, PROV_ID) VALUES(now(), 'DISABLED','4402','4402','韶关市','44');
INSERT INTO ZL_CITY(CREATE_DATE, STATUS, ID, CODE1, NAME1, PROV_ID) VALUES(now(), 'DISABLED','4403','4403','深圳市','44');
INSERT INTO ZL_CITY(CREATE_DATE, STATUS, ID, CODE1, NAME1, PROV_ID) VALUES(now(), 'DISABLED','4404','4404','珠海市','44');
INSERT INTO ZL_CITY(CREATE_DATE, STATUS, ID, CODE1, NAME1, PROV_ID) VALUES(now(), 'DISABLED','4405','4405','汕头市','44');
INSERT INTO ZL_CITY(CREATE_DATE, STATUS, ID, CODE1, NAME1, PROV_ID) VALUES(now(), 'DISABLED','4406','4406','佛山市','44');
INSERT INTO ZL_CITY(CREATE_DATE, STATUS, ID, CODE1, NAME1, PROV_ID) VALUES(now(), 'DISABLED','4407','4407','江门市','44');
INSERT INTO ZL_CITY(CREATE_DATE, STATUS, ID, CODE1, NAME1, PROV_ID) VALUES(now(), 'DISABLED','4408','4408','湛江市','44');
INSERT INTO ZL_CITY(CREATE_DATE, STATUS, ID, CODE1, NAME1, PROV_ID) VALUES(now(), 'DISABLED','4409','4409','茂名市','44');
INSERT INTO ZL_CITY(CREATE_DATE, STATUS, ID, CODE1, NAME1, PROV_ID) VALUES(now(), 'DISABLED','4412','4412','肇庆市','44');
INSERT INTO ZL_CITY(CREATE_DATE, STATUS, ID, CODE1, NAME1, PROV_ID) VALUES(now(), 'DISABLED','4413','4413','惠州市','44');
INSERT INTO ZL_CITY(CREATE_DATE, STATUS, ID, CODE1, NAME1, PROV_ID) VALUES(now(), 'DISABLED','4414','4414','梅州市','44');
INSERT INTO ZL_CITY(CREATE_DATE, STATUS, ID, CODE1, NAME1, PROV_ID) VALUES(now(), 'DISABLED','4415','4415','汕尾市','44');
INSERT INTO ZL_CITY(CREATE_DATE, STATUS, ID, CODE1, NAME1, PROV_ID) VALUES(now(), 'DISABLED','4416','4416','河源市','44');
INSERT INTO ZL_CITY(CREATE_DATE, STATUS, ID, CODE1, NAME1, PROV_ID) VALUES(now(), 'DISABLED','4417','4417','阳江市','44');
INSERT INTO ZL_CITY(CREATE_DATE, STATUS, ID, CODE1, NAME1, PROV_ID) VALUES(now(), 'DISABLED','4418','4418','清远市','44');
INSERT INTO ZL_CITY(CREATE_DATE, STATUS, ID, CODE1, NAME1, PROV_ID) VALUES(now(), 'DISABLED','4419','4419','东莞市','44');
INSERT INTO ZL_CITY(CREATE_DATE, STATUS, ID, CODE1, NAME1, PROV_ID) VALUES(now(), 'DISABLED','4420','4420','中山市','44');
INSERT INTO ZL_CITY(CREATE_DATE, STATUS, ID, CODE1, NAME1, PROV_ID) VALUES(now(), 'DISABLED','4451','4451','潮州市','44');
INSERT INTO ZL_CITY(CREATE_DATE, STATUS, ID, CODE1, NAME1, PROV_ID) VALUES(now(), 'DISABLED','4452','4452','揭阳市','44');
INSERT INTO ZL_CITY(CREATE_DATE, STATUS, ID, CODE1, NAME1, PROV_ID) VALUES(now(), 'DISABLED','4453','4453','云浮市','44');
INSERT INTO ZL_CITY(CREATE_DATE, STATUS, ID, CODE1, NAME1, PROV_ID) VALUES(now(), 'DISABLED','4501','4501','南宁市','45');
INSERT INTO ZL_CITY(CREATE_DATE, STATUS, ID, CODE1, NAME1, PROV_ID) VALUES(now(), 'DISABLED','4502','4502','柳州市','45');
INSERT INTO ZL_CITY(CREATE_DATE, STATUS, ID, CODE1, NAME1, PROV_ID) VALUES(now(), 'DISABLED','4503','4503','桂林市','45');
INSERT INTO ZL_CITY(CREATE_DATE, STATUS, ID, CODE1, NAME1, PROV_ID) VALUES(now(), 'DISABLED','4504','4504','梧州市','45');
INSERT INTO ZL_CITY(CREATE_DATE, STATUS, ID, CODE1, NAME1, PROV_ID) VALUES(now(), 'DISABLED','4505','4505','北海市','45');
INSERT INTO ZL_CITY(CREATE_DATE, STATUS, ID, CODE1, NAME1, PROV_ID) VALUES(now(), 'DISABLED','4506','4506','防城港市','45');
INSERT INTO ZL_CITY(CREATE_DATE, STATUS, ID, CODE1, NAME1, PROV_ID) VALUES(now(), 'DISABLED','4507','4507','钦州市','45');
INSERT INTO ZL_CITY(CREATE_DATE, STATUS, ID, CODE1, NAME1, PROV_ID) VALUES(now(), 'DISABLED','4508','4508','贵港市','45');
INSERT INTO ZL_CITY(CREATE_DATE, STATUS, ID, CODE1, NAME1, PROV_ID) VALUES(now(), 'DISABLED','4509','4509','玉林市','45');
INSERT INTO ZL_CITY(CREATE_DATE, STATUS, ID, CODE1, NAME1, PROV_ID) VALUES(now(), 'DISABLED','4510','4510','百色市','45');
INSERT INTO ZL_CITY(CREATE_DATE, STATUS, ID, CODE1, NAME1, PROV_ID) VALUES(now(), 'DISABLED','4511','4511','贺州市','45');
INSERT INTO ZL_CITY(CREATE_DATE, STATUS, ID, CODE1, NAME1, PROV_ID) VALUES(now(), 'DISABLED','4512','4512','河池市','45');
INSERT INTO ZL_CITY(CREATE_DATE, STATUS, ID, CODE1, NAME1, PROV_ID) VALUES(now(), 'DISABLED','4513','4513','来宾市','45');
INSERT INTO ZL_CITY(CREATE_DATE, STATUS, ID, CODE1, NAME1, PROV_ID) VALUES(now(), 'DISABLED','4514','4514','崇左市','45');
INSERT INTO ZL_CITY(CREATE_DATE, STATUS, ID, CODE1, NAME1, PROV_ID) VALUES(now(), 'DISABLED','4601','4601','海口市','46');
INSERT INTO ZL_CITY(CREATE_DATE, STATUS, ID, CODE1, NAME1, PROV_ID) VALUES(now(), 'DISABLED','4602','4602','三亚市','46');
INSERT INTO ZL_CITY(CREATE_DATE, STATUS, ID, CODE1, NAME1, PROV_ID) VALUES(now(), 'DISABLED','5001','5001','重庆市','50');
INSERT INTO ZL_CITY(CREATE_DATE, STATUS, ID, CODE1, NAME1, PROV_ID) VALUES(now(), 'DISABLED','5101','5101','成都市','51');
INSERT INTO ZL_CITY(CREATE_DATE, STATUS, ID, CODE1, NAME1, PROV_ID) VALUES(now(), 'DISABLED','5103','5103','自贡市','51');
INSERT INTO ZL_CITY(CREATE_DATE, STATUS, ID, CODE1, NAME1, PROV_ID) VALUES(now(), 'DISABLED','5104','5104','攀枝花市','51');
INSERT INTO ZL_CITY(CREATE_DATE, STATUS, ID, CODE1, NAME1, PROV_ID) VALUES(now(), 'DISABLED','5105','5105','泸州市','51');
INSERT INTO ZL_CITY(CREATE_DATE, STATUS, ID, CODE1, NAME1, PROV_ID) VALUES(now(), 'DISABLED','5106','5106','德阳市','51');
INSERT INTO ZL_CITY(CREATE_DATE, STATUS, ID, CODE1, NAME1, PROV_ID) VALUES(now(), 'DISABLED','5107','5107','绵阳市','51');
INSERT INTO ZL_CITY(CREATE_DATE, STATUS, ID, CODE1, NAME1, PROV_ID) VALUES(now(), 'DISABLED','5108','5108','广元市','51');
INSERT INTO ZL_CITY(CREATE_DATE, STATUS, ID, CODE1, NAME1, PROV_ID) VALUES(now(), 'DISABLED','5109','5109','遂宁市','51');
INSERT INTO ZL_CITY(CREATE_DATE, STATUS, ID, CODE1, NAME1, PROV_ID) VALUES(now(), 'DISABLED','5110','5110','内江市','51');
INSERT INTO ZL_CITY(CREATE_DATE, STATUS, ID, CODE1, NAME1, PROV_ID) VALUES(now(), 'DISABLED','5111','5111','乐山市','51');
INSERT INTO ZL_CITY(CREATE_DATE, STATUS, ID, CODE1, NAME1, PROV_ID) VALUES(now(), 'DISABLED','5113','5113','南充市','51');
INSERT INTO ZL_CITY(CREATE_DATE, STATUS, ID, CODE1, NAME1, PROV_ID) VALUES(now(), 'DISABLED','5114','5114','眉山市','51');
INSERT INTO ZL_CITY(CREATE_DATE, STATUS, ID, CODE1, NAME1, PROV_ID) VALUES(now(), 'DISABLED','5115','5115','宜宾市','51');
INSERT INTO ZL_CITY(CREATE_DATE, STATUS, ID, CODE1, NAME1, PROV_ID) VALUES(now(), 'DISABLED','5116','5116','广安市','51');
INSERT INTO ZL_CITY(CREATE_DATE, STATUS, ID, CODE1, NAME1, PROV_ID) VALUES(now(), 'DISABLED','5117','5117','达州市','51');
INSERT INTO ZL_CITY(CREATE_DATE, STATUS, ID, CODE1, NAME1, PROV_ID) VALUES(now(), 'DISABLED','5118','5118','雅安市','51');
INSERT INTO ZL_CITY(CREATE_DATE, STATUS, ID, CODE1, NAME1, PROV_ID) VALUES(now(), 'DISABLED','5119','5119','巴中市','51');
INSERT INTO ZL_CITY(CREATE_DATE, STATUS, ID, CODE1, NAME1, PROV_ID) VALUES(now(), 'DISABLED','5120','5120','资阳市','51');
INSERT INTO ZL_CITY(CREATE_DATE, STATUS, ID, CODE1, NAME1, PROV_ID) VALUES(now(), 'DISABLED','5132','5132','阿坝藏族羌族自治州','51');
INSERT INTO ZL_CITY(CREATE_DATE, STATUS, ID, CODE1, NAME1, PROV_ID) VALUES(now(), 'DISABLED','5133','5133','甘孜藏族自治州','51');
INSERT INTO ZL_CITY(CREATE_DATE, STATUS, ID, CODE1, NAME1, PROV_ID) VALUES(now(), 'DISABLED','5134','5134','凉山彝族自治州','51');
INSERT INTO ZL_CITY(CREATE_DATE, STATUS, ID, CODE1, NAME1, PROV_ID) VALUES(now(), 'DISABLED','5201','5201','贵阳市','52');
INSERT INTO ZL_CITY(CREATE_DATE, STATUS, ID, CODE1, NAME1, PROV_ID) VALUES(now(), 'DISABLED','5202','5202','六盘水市','52');
INSERT INTO ZL_CITY(CREATE_DATE, STATUS, ID, CODE1, NAME1, PROV_ID) VALUES(now(), 'DISABLED','5203','5203','遵义市','52');
INSERT INTO ZL_CITY(CREATE_DATE, STATUS, ID, CODE1, NAME1, PROV_ID) VALUES(now(), 'DISABLED','5204','5204','安顺市','52');
INSERT INTO ZL_CITY(CREATE_DATE, STATUS, ID, CODE1, NAME1, PROV_ID) VALUES(now(), 'DISABLED','5222','5222','铜仁地区','52');
INSERT INTO ZL_CITY(CREATE_DATE, STATUS, ID, CODE1, NAME1, PROV_ID) VALUES(now(), 'DISABLED','5223','5223','黔西南布依族苗族自治州','52');
INSERT INTO ZL_CITY(CREATE_DATE, STATUS, ID, CODE1, NAME1, PROV_ID) VALUES(now(), 'DISABLED','5224','5224','毕节地区','52');
INSERT INTO ZL_CITY(CREATE_DATE, STATUS, ID, CODE1, NAME1, PROV_ID) VALUES(now(), 'DISABLED','5226','5226','黔东南苗族侗族自治州','52');
INSERT INTO ZL_CITY(CREATE_DATE, STATUS, ID, CODE1, NAME1, PROV_ID) VALUES(now(), 'DISABLED','5227','5227','黔南布依族苗族自治州','52');
INSERT INTO ZL_CITY(CREATE_DATE, STATUS, ID, CODE1, NAME1, PROV_ID) VALUES(now(), 'DISABLED','5301','5301','昆明市','53');
INSERT INTO ZL_CITY(CREATE_DATE, STATUS, ID, CODE1, NAME1, PROV_ID) VALUES(now(), 'DISABLED','5303','5303','曲靖市','53');
INSERT INTO ZL_CITY(CREATE_DATE, STATUS, ID, CODE1, NAME1, PROV_ID) VALUES(now(), 'DISABLED','5304','5304','玉溪市','53');
INSERT INTO ZL_CITY(CREATE_DATE, STATUS, ID, CODE1, NAME1, PROV_ID) VALUES(now(), 'DISABLED','5305','5305','保山市','53');
INSERT INTO ZL_CITY(CREATE_DATE, STATUS, ID, CODE1, NAME1, PROV_ID) VALUES(now(), 'DISABLED','5306','5306','昭通市','53');
INSERT INTO ZL_CITY(CREATE_DATE, STATUS, ID, CODE1, NAME1, PROV_ID) VALUES(now(), 'DISABLED','5307','5307','丽江市','53');
INSERT INTO ZL_CITY(CREATE_DATE, STATUS, ID, CODE1, NAME1, PROV_ID) VALUES(now(), 'DISABLED','5308','5308','普洱市','53');
INSERT INTO ZL_CITY(CREATE_DATE, STATUS, ID, CODE1, NAME1, PROV_ID) VALUES(now(), 'DISABLED','5309','5309','临沧市','53');
INSERT INTO ZL_CITY(CREATE_DATE, STATUS, ID, CODE1, NAME1, PROV_ID) VALUES(now(), 'DISABLED','5323','5323','楚雄彝族自治州','53');
INSERT INTO ZL_CITY(CREATE_DATE, STATUS, ID, CODE1, NAME1, PROV_ID) VALUES(now(), 'DISABLED','5325','5325','红河哈尼族彝族自治州','53');
INSERT INTO ZL_CITY(CREATE_DATE, STATUS, ID, CODE1, NAME1, PROV_ID) VALUES(now(), 'DISABLED','5326','5326','文山壮族苗族自治州','53');
INSERT INTO ZL_CITY(CREATE_DATE, STATUS, ID, CODE1, NAME1, PROV_ID) VALUES(now(), 'DISABLED','5328','5328','西双版纳傣族自治州','53');
INSERT INTO ZL_CITY(CREATE_DATE, STATUS, ID, CODE1, NAME1, PROV_ID) VALUES(now(), 'DISABLED','5329','5329','大理白族自治州','53');
INSERT INTO ZL_CITY(CREATE_DATE, STATUS, ID, CODE1, NAME1, PROV_ID) VALUES(now(), 'DISABLED','5331','5331','德宏傣族景颇族自治州','53');
INSERT INTO ZL_CITY(CREATE_DATE, STATUS, ID, CODE1, NAME1, PROV_ID) VALUES(now(), 'DISABLED','5333','5333','怒江傈僳族自治州','53');
INSERT INTO ZL_CITY(CREATE_DATE, STATUS, ID, CODE1, NAME1, PROV_ID) VALUES(now(), 'DISABLED','5334','5334','迪庆藏族自治州','53');
INSERT INTO ZL_CITY(CREATE_DATE, STATUS, ID, CODE1, NAME1, PROV_ID) VALUES(now(), 'DISABLED','5401','5401','拉萨市','54');
INSERT INTO ZL_CITY(CREATE_DATE, STATUS, ID, CODE1, NAME1, PROV_ID) VALUES(now(), 'DISABLED','5421','5421','昌都地区','54');
INSERT INTO ZL_CITY(CREATE_DATE, STATUS, ID, CODE1, NAME1, PROV_ID) VALUES(now(), 'DISABLED','5422','5422','山南地区','54');
INSERT INTO ZL_CITY(CREATE_DATE, STATUS, ID, CODE1, NAME1, PROV_ID) VALUES(now(), 'DISABLED','5423','5423','日喀则地区','54');
INSERT INTO ZL_CITY(CREATE_DATE, STATUS, ID, CODE1, NAME1, PROV_ID) VALUES(now(), 'DISABLED','5424','5424','那曲地区','54');
INSERT INTO ZL_CITY(CREATE_DATE, STATUS, ID, CODE1, NAME1, PROV_ID) VALUES(now(), 'DISABLED','5425','5425','阿里地区','54');
INSERT INTO ZL_CITY(CREATE_DATE, STATUS, ID, CODE1, NAME1, PROV_ID) VALUES(now(), 'DISABLED','5426','5426','林芝地区','54');
INSERT INTO ZL_CITY(CREATE_DATE, STATUS, ID, CODE1, NAME1, PROV_ID) VALUES(now(), 'DISABLED','6101','6101','西安市','61');
INSERT INTO ZL_CITY(CREATE_DATE, STATUS, ID, CODE1, NAME1, PROV_ID) VALUES(now(), 'DISABLED','6102','6102','铜川市','61');
INSERT INTO ZL_CITY(CREATE_DATE, STATUS, ID, CODE1, NAME1, PROV_ID) VALUES(now(), 'DISABLED','6103','6103','宝鸡市','61');
INSERT INTO ZL_CITY(CREATE_DATE, STATUS, ID, CODE1, NAME1, PROV_ID) VALUES(now(), 'DISABLED','6104','6104','咸阳市','61');
INSERT INTO ZL_CITY(CREATE_DATE, STATUS, ID, CODE1, NAME1, PROV_ID) VALUES(now(), 'DISABLED','6105','6105','渭南市','61');
INSERT INTO ZL_CITY(CREATE_DATE, STATUS, ID, CODE1, NAME1, PROV_ID) VALUES(now(), 'DISABLED','6106','6106','延安市','61');
INSERT INTO ZL_CITY(CREATE_DATE, STATUS, ID, CODE1, NAME1, PROV_ID) VALUES(now(), 'DISABLED','6107','6107','汉中市','61');
INSERT INTO ZL_CITY(CREATE_DATE, STATUS, ID, CODE1, NAME1, PROV_ID) VALUES(now(), 'DISABLED','6108','6108','榆林市','61');
INSERT INTO ZL_CITY(CREATE_DATE, STATUS, ID, CODE1, NAME1, PROV_ID) VALUES(now(), 'DISABLED','6109','6109','安康市','61');
INSERT INTO ZL_CITY(CREATE_DATE, STATUS, ID, CODE1, NAME1, PROV_ID) VALUES(now(), 'DISABLED','6110','6110','商洛市','61');
INSERT INTO ZL_CITY(CREATE_DATE, STATUS, ID, CODE1, NAME1, PROV_ID) VALUES(now(), 'DISABLED','6201','6201','兰州市','62');
INSERT INTO ZL_CITY(CREATE_DATE, STATUS, ID, CODE1, NAME1, PROV_ID) VALUES(now(), 'DISABLED','6202','6202','嘉峪关市','62');
INSERT INTO ZL_CITY(CREATE_DATE, STATUS, ID, CODE1, NAME1, PROV_ID) VALUES(now(), 'DISABLED','6203','6203','金昌市','62');
INSERT INTO ZL_CITY(CREATE_DATE, STATUS, ID, CODE1, NAME1, PROV_ID) VALUES(now(), 'DISABLED','6204','6204','白银市','62');
INSERT INTO ZL_CITY(CREATE_DATE, STATUS, ID, CODE1, NAME1, PROV_ID) VALUES(now(), 'DISABLED','6205','6205','天水市','62');
INSERT INTO ZL_CITY(CREATE_DATE, STATUS, ID, CODE1, NAME1, PROV_ID) VALUES(now(), 'DISABLED','6206','6206','武威市','62');
INSERT INTO ZL_CITY(CREATE_DATE, STATUS, ID, CODE1, NAME1, PROV_ID) VALUES(now(), 'DISABLED','6207','6207','张掖市','62');
INSERT INTO ZL_CITY(CREATE_DATE, STATUS, ID, CODE1, NAME1, PROV_ID) VALUES(now(), 'DISABLED','6208','6208','平凉市','62');
INSERT INTO ZL_CITY(CREATE_DATE, STATUS, ID, CODE1, NAME1, PROV_ID) VALUES(now(), 'DISABLED','6209','6209','酒泉市','62');
INSERT INTO ZL_CITY(CREATE_DATE, STATUS, ID, CODE1, NAME1, PROV_ID) VALUES(now(), 'DISABLED','6210','6210','庆阳市','62');
INSERT INTO ZL_CITY(CREATE_DATE, STATUS, ID, CODE1, NAME1, PROV_ID) VALUES(now(), 'DISABLED','6211','6211','定西市','62');
INSERT INTO ZL_CITY(CREATE_DATE, STATUS, ID, CODE1, NAME1, PROV_ID) VALUES(now(), 'DISABLED','6212','6212','陇南市','62');
INSERT INTO ZL_CITY(CREATE_DATE, STATUS, ID, CODE1, NAME1, PROV_ID) VALUES(now(), 'DISABLED','6229','6229','临夏回族自治州','62');
INSERT INTO ZL_CITY(CREATE_DATE, STATUS, ID, CODE1, NAME1, PROV_ID) VALUES(now(), 'DISABLED','6230','6230','甘南藏族自治州','62');
INSERT INTO ZL_CITY(CREATE_DATE, STATUS, ID, CODE1, NAME1, PROV_ID) VALUES(now(), 'DISABLED','6301','6301','西宁市','63');
INSERT INTO ZL_CITY(CREATE_DATE, STATUS, ID, CODE1, NAME1, PROV_ID) VALUES(now(), 'DISABLED','6321','6321','海东地区','63');
INSERT INTO ZL_CITY(CREATE_DATE, STATUS, ID, CODE1, NAME1, PROV_ID) VALUES(now(), 'DISABLED','6322','6322','海北藏族自治州','63');
INSERT INTO ZL_CITY(CREATE_DATE, STATUS, ID, CODE1, NAME1, PROV_ID) VALUES(now(), 'DISABLED','6323','6323','黄南藏族自治州','63');
INSERT INTO ZL_CITY(CREATE_DATE, STATUS, ID, CODE1, NAME1, PROV_ID) VALUES(now(), 'DISABLED','6325','6325','海南藏族自治州','63');
INSERT INTO ZL_CITY(CREATE_DATE, STATUS, ID, CODE1, NAME1, PROV_ID) VALUES(now(), 'DISABLED','6326','6326','果洛藏族自治州','63');
INSERT INTO ZL_CITY(CREATE_DATE, STATUS, ID, CODE1, NAME1, PROV_ID) VALUES(now(), 'DISABLED','6327','6327','玉树藏族自治州','63');
INSERT INTO ZL_CITY(CREATE_DATE, STATUS, ID, CODE1, NAME1, PROV_ID) VALUES(now(), 'DISABLED','6328','6328','海西蒙古族藏族自治州','63');
INSERT INTO ZL_CITY(CREATE_DATE, STATUS, ID, CODE1, NAME1, PROV_ID) VALUES(now(), 'DISABLED','6401','6401','银川市','64');
INSERT INTO ZL_CITY(CREATE_DATE, STATUS, ID, CODE1, NAME1, PROV_ID) VALUES(now(), 'DISABLED','6402','6402','石嘴山市','64');
INSERT INTO ZL_CITY(CREATE_DATE, STATUS, ID, CODE1, NAME1, PROV_ID) VALUES(now(), 'DISABLED','6403','6403','吴忠市','64');
INSERT INTO ZL_CITY(CREATE_DATE, STATUS, ID, CODE1, NAME1, PROV_ID) VALUES(now(), 'DISABLED','6404','6404','固原市','64');
INSERT INTO ZL_CITY(CREATE_DATE, STATUS, ID, CODE1, NAME1, PROV_ID) VALUES(now(), 'DISABLED','6405','6405','中卫市','64');
INSERT INTO ZL_CITY(CREATE_DATE, STATUS, ID, CODE1, NAME1, PROV_ID) VALUES(now(), 'DISABLED','6501','6501','乌鲁木齐市','65');
INSERT INTO ZL_CITY(CREATE_DATE, STATUS, ID, CODE1, NAME1, PROV_ID) VALUES(now(), 'DISABLED','6502','6502','克拉玛依市','65');
INSERT INTO ZL_CITY(CREATE_DATE, STATUS, ID, CODE1, NAME1, PROV_ID) VALUES(now(), 'DISABLED','6521','6521','吐鲁番地区','65');
INSERT INTO ZL_CITY(CREATE_DATE, STATUS, ID, CODE1, NAME1, PROV_ID) VALUES(now(), 'DISABLED','6522','6522','哈密地区','65');
INSERT INTO ZL_CITY(CREATE_DATE, STATUS, ID, CODE1, NAME1, PROV_ID) VALUES(now(), 'DISABLED','6523','6523','昌吉回族自治州','65');
INSERT INTO ZL_CITY(CREATE_DATE, STATUS, ID, CODE1, NAME1, PROV_ID) VALUES(now(), 'DISABLED','6527','6527','博尔塔拉蒙古自治州','65');
INSERT INTO ZL_CITY(CREATE_DATE, STATUS, ID, CODE1, NAME1, PROV_ID) VALUES(now(), 'DISABLED','6528','6528','巴音郭楞蒙古自治州','65');
INSERT INTO ZL_CITY(CREATE_DATE, STATUS, ID, CODE1, NAME1, PROV_ID) VALUES(now(), 'DISABLED','6529','6529','阿克苏地区','65');
INSERT INTO ZL_CITY(CREATE_DATE, STATUS, ID, CODE1, NAME1, PROV_ID) VALUES(now(), 'DISABLED','6530','6530','克孜勒苏柯尔克孜自治州','65');
INSERT INTO ZL_CITY(CREATE_DATE, STATUS, ID, CODE1, NAME1, PROV_ID) VALUES(now(), 'DISABLED','6531','6531','喀什地区','65');
INSERT INTO ZL_CITY(CREATE_DATE, STATUS, ID, CODE1, NAME1, PROV_ID) VALUES(now(), 'DISABLED','6532','6532','和田地区','65');
INSERT INTO ZL_CITY(CREATE_DATE, STATUS, ID, CODE1, NAME1, PROV_ID) VALUES(now(), 'DISABLED','6540','6540','伊犁哈萨克自治州','65');
INSERT INTO ZL_CITY(CREATE_DATE, STATUS, ID, CODE1, NAME1, PROV_ID) VALUES(now(), 'DISABLED','6542','6542','塔城地区','65');
INSERT INTO ZL_CITY(CREATE_DATE, STATUS, ID, CODE1, NAME1, PROV_ID) VALUES(now(), 'DISABLED','6543','6543','阿勒泰地区','65');

INSERT INTO ZL_AREA (ID, CREATE_DATE, CODE1, NAME1, CITY_ID, ADD_RATE, EXTRA_COST, MAX_WORKERS) VALUES('110101',now(),'110101','东城区','1101',1,2,100);
INSERT INTO ZL_AREA (ID, CREATE_DATE, CODE1, NAME1, CITY_ID, ADD_RATE, EXTRA_COST, MAX_WORKERS) VALUES('110102',now(),'110102','西城区','1101',1,2,100);
INSERT INTO ZL_AREA (ID, CREATE_DATE, CODE1, NAME1, CITY_ID, ADD_RATE, EXTRA_COST, MAX_WORKERS) VALUES('110103',now(),'110103','崇文区','1101',1,2,100);
INSERT INTO ZL_AREA (ID, CREATE_DATE, CODE1, NAME1, CITY_ID, ADD_RATE, EXTRA_COST, MAX_WORKERS) VALUES('110104',now(),'110104','宣武区','1101',1,2,100);
INSERT INTO ZL_AREA (ID, CREATE_DATE, CODE1, NAME1, CITY_ID, ADD_RATE, EXTRA_COST, MAX_WORKERS) VALUES('110105',now(),'110105','朝阳区','1101',1,2,100);
INSERT INTO ZL_AREA (ID, CREATE_DATE, CODE1, NAME1, CITY_ID, ADD_RATE, EXTRA_COST, MAX_WORKERS) VALUES('110106',now(),'110106','丰台区','1101',1,2,100);
INSERT INTO ZL_AREA (ID, CREATE_DATE, CODE1, NAME1, CITY_ID, ADD_RATE, EXTRA_COST, MAX_WORKERS) VALUES('110107',now(),'110107','石景山区','1101',1,2,100);
INSERT INTO ZL_AREA (ID, CREATE_DATE, CODE1, NAME1, CITY_ID, ADD_RATE, EXTRA_COST, MAX_WORKERS) VALUES('110108',now(),'110108','海淀区','1101',1,2,100);
INSERT INTO ZL_AREA (ID, CREATE_DATE, CODE1, NAME1, CITY_ID, ADD_RATE, EXTRA_COST, MAX_WORKERS) VALUES('110109',now(),'110109','门头沟区','1101',1,2,100);
INSERT INTO ZL_AREA (ID, CREATE_DATE, CODE1, NAME1, CITY_ID, ADD_RATE, EXTRA_COST, MAX_WORKERS) VALUES('110111',now(),'110111','房山区','1101',1,2,100);
INSERT INTO ZL_AREA (ID, CREATE_DATE, CODE1, NAME1, CITY_ID, ADD_RATE, EXTRA_COST, MAX_WORKERS) VALUES('110112',now(),'110112','通州区','1101',1,2,100);
INSERT INTO ZL_AREA (ID, CREATE_DATE, CODE1, NAME1, CITY_ID, ADD_RATE, EXTRA_COST, MAX_WORKERS) VALUES('110113',now(),'110113','顺义区','1101',1,2,100);
INSERT INTO ZL_AREA (ID, CREATE_DATE, CODE1, NAME1, CITY_ID, ADD_RATE, EXTRA_COST, MAX_WORKERS) VALUES('110114',now(),'110114','昌平区','1101',1,2,100);
INSERT INTO ZL_AREA (ID, CREATE_DATE, CODE1, NAME1, CITY_ID, ADD_RATE, EXTRA_COST, MAX_WORKERS) VALUES('110115',now(),'110115','大兴区','1101',1,2,100);
INSERT INTO ZL_AREA (ID, CREATE_DATE, CODE1, NAME1, CITY_ID, ADD_RATE, EXTRA_COST, MAX_WORKERS) VALUES('110116',now(),'110116','怀柔区','1101',1,2,100);
INSERT INTO ZL_AREA (ID, CREATE_DATE, CODE1, NAME1, CITY_ID, ADD_RATE, EXTRA_COST, MAX_WORKERS) VALUES('110117',now(),'110117','平谷区','1101',1,2,100);
INSERT INTO ZL_AREA (ID, CREATE_DATE, CODE1, NAME1, CITY_ID, ADD_RATE, EXTRA_COST, MAX_WORKERS) VALUES('110228',now(),'110228','密云县','1101',1,2,100);
INSERT INTO ZL_AREA (ID, CREATE_DATE, CODE1, NAME1, CITY_ID, ADD_RATE, EXTRA_COST, MAX_WORKERS) VALUES('110229',now(),'110229','延庆县','1101',1,2,100);
